CustomerID,RecencyDays,Frequency,Monetary,R_Score,F_Score,M_Score,RFM_Total,CustomerSegment
15294,432.0,1,233.35,5,5,5,15,High Value
17981,432.0,1,239.12,5,5,5,15,High Value
17260,432.0,1,120.95,5,5,5,15,High Value
13241,433.0,1,115.58,5,5,5,15,High Value
14728,434.0,1,190.58,5,5,5,15,High Value
13746,435.0,1,176.69,5,5,5,15,High Value
14945,435.0,1,179.4,5,5,5,15,High Value
16540,435.0,1,226.7,5,5,5,15,High Value
12400,435.0,1,205.25,5,5,5,15,High Value
13195,435.0,1,172.38,5,5,5,15,High Value
12387,436.0,1,143.94,5,5,5,15,High Value
15647,436.0,1,169.0,5,5,5,15,High Value
13088,438.0,1,236.11,5,5,5,15,High Value
13387,438.0,1,189.44,5,5,5,15,High Value
15772,439.0,1,280.88,5,5,5,15,High Value
15688,439.0,1,190.57,5,5,5,15,High Value
17316,441.0,1,124.45,5,5,5,15,High Value
17938,441.0,1,144.29,5,5,5,15,High Value
15686,441.0,1,90.0,5,5,5,15,High Value
17390,442.0,1,149.3,5,5,5,15,High Value
17202,442.0,1,160.65,5,5,5,15,High Value
13829,442.0,1,102.0,5,5,5,15,High Value
17751,442.0,1,157.86,5,5,5,15,High Value
16238,443.0,1,63.66,5,5,5,15,High Value
17944,444.0,1,75.41,5,5,5,15,High Value
12467,444.0,1,132.8,5,5,5,15,High Value
13968,444.0,1,123.66,5,5,5,15,High Value
12655,445.0,1,261.35,5,5,5,15,High Value
13912,445.0,1,124.95,5,5,5,15,High Value
17273,445.0,1,141.12,5,5,5,15,High Value
17264,445.0,1,279.59,5,5,5,15,High Value
14571,446.0,1,161.65,5,5,5,15,High Value
15931,449.0,1,239.9,5,5,5,15,High Value
14266,449.0,1,40.56,5,5,5,15,High Value
17249,450.0,1,68.03,5,5,5,15,High Value
13423,450.0,1,217.03,5,5,5,15,High Value
17008,450.0,1,81.36,5,5,5,15,High Value
13818,450.0,1,61.28,5,5,5,15,High Value
13022,451.0,1,65.3,5,5,5,15,High Value
16760,451.0,1,228.0,5,5,5,15,High Value
13306,451.0,1,53.65,5,5,5,15,High Value
17657,451.0,1,126.0,5,5,5,15,High Value
15490,451.0,1,217.6,5,5,5,15,High Value
16061,452.0,1,89.65,5,5,5,15,High Value
13326,453.0,1,281.76,5,5,5,15,High Value
14579,453.0,1,105.56,5,5,5,15,High Value
16312,453.0,1,171.15,5,5,5,15,High Value
14392,453.0,1,266.4,5,5,5,15,High Value
13674,454.0,1,240.68,5,5,5,15,High Value
13380,454.0,1,62.4,5,5,5,15,High Value
18266,455.0,1,251.1,5,5,5,15,High Value
17533,456.0,1,34.8,5,5,5,15,High Value
12661,457.0,1,162.0,5,5,5,15,High Value
16490,457.0,1,205.41,5,5,5,15,High Value
13257,457.0,1,149.75,5,5,5,15,High Value
13105,457.0,1,72.0,5,5,5,15,High Value
14843,457.0,1,211.8,5,5,5,15,High Value
12964,458.0,1,132.24,5,5,5,15,High Value
16237,458.0,1,136.65,5,5,5,15,High Value
15871,458.0,1,33.1,5,5,5,15,High Value
17280,459.0,1,118.86,5,5,5,15,High Value
13290,459.0,1,208.63,5,5,5,15,High Value
14992,463.0,1,210.5,5,5,5,15,High Value
18107,463.0,1,167.13,5,5,5,15,High Value
15761,464.0,1,143.05,5,5,5,15,High Value
17840,464.0,1,185.72,5,5,5,15,High Value
12751,465.0,1,268.27,5,5,5,15,High Value
14906,466.0,1,68.44,5,5,5,15,High Value
14668,466.0,1,111.63,5,5,5,15,High Value
17055,466.0,1,239.55,5,5,5,15,High Value
13702,467.0,1,135.18,5,5,5,15,High Value
13701,467.0,1,161.0,5,5,5,15,High Value
17743,469.0,1,229.2,5,5,5,15,High Value
16371,469.0,1,157.2,5,5,5,15,High Value
15685,471.0,1,55.98,5,5,5,15,High Value
12768,471.0,1,168.69,5,5,5,15,High Value
17149,472.0,1,143.1,5,5,5,15,High Value
13312,472.0,1,124.75,5,5,5,15,High Value
14635,475.0,1,215.22,5,5,5,15,High Value
14445,477.0,1,221.65,5,5,5,15,High Value
14444,477.0,1,132.04,5,5,5,15,High Value
17762,477.0,1,129.75,5,5,5,15,High Value
16886,477.0,1,134.0,5,5,5,15,High Value
13076,479.0,1,135.4,5,5,5,15,High Value
13683,479.0,1,258.6,5,5,5,15,High Value
14318,481.0,1,158.02,5,5,5,15,High Value
16289,483.0,1,136.31,5,5,5,15,High Value
14086,484.0,1,39.95,5,5,5,15,High Value
17215,485.0,1,186.15,5,5,5,15,High Value
13714,486.0,1,161.35,5,5,5,15,High Value
14433,486.0,1,289.6,5,5,5,15,High Value
15166,488.0,1,167.16,5,5,5,15,High Value
16288,491.0,1,129.85,5,5,5,15,High Value
14787,492.0,1,110.65,5,5,5,15,High Value
18124,493.0,1,111.53,5,5,5,15,High Value
17336,493.0,1,81.12,5,5,5,15,High Value
14187,494.0,1,123.5,5,5,5,15,High Value
16396,497.0,1,137.8,5,5,5,15,High Value
16294,497.0,1,126.05,5,5,5,15,High Value
16562,498.0,1,223.86,5,5,5,15,High Value
16299,498.0,1,193.65,5,5,5,15,High Value
17599,498.0,1,52.05,5,5,5,15,High Value
15072,500.0,1,187.52,5,5,5,15,High Value
13063,501.0,1,188.4,5,5,5,15,High Value
14153,504.0,1,233.4,5,5,5,15,High Value
12959,505.0,1,150.95,5,5,5,15,High Value
14822,506.0,1,157.7,5,5,5,15,High Value
12771,507.0,1,282.3,5,5,5,15,High Value
14144,507.0,1,30.6,5,5,5,15,High Value
13839,507.0,1,139.95,5,5,5,15,High Value
13653,509.0,1,152.2,5,5,5,15,High Value
16196,510.0,1,93.3,5,5,5,15,High Value
14521,512.0,1,199.45,5,5,5,15,High Value
13084,513.0,1,122.4,5,5,5,15,High Value
16334,513.0,1,277.48,5,5,5,15,High Value
16417,514.0,1,35.7,5,5,5,15,High Value
13766,516.0,1,190.35,5,5,5,15,High Value
14833,520.0,1,94.8,5,5,5,15,High Value
16937,520.0,1,202.1,5,5,5,15,High Value
13796,520.0,1,289.7,5,5,5,15,High Value
15284,521.0,1,24.75,5,5,5,15,High Value
16219,522.0,1,40.8,5,5,5,15,High Value
14384,522.0,1,58.5,5,5,5,15,High Value
17224,522.0,1,100.86,5,5,5,15,High Value
14435,522.0,1,90.42,5,5,5,15,High Value
17494,523.0,1,54.7,5,5,5,15,High Value
15431,523.0,1,153.24,5,5,5,15,High Value
17112,524.0,1,205.17,5,5,5,15,High Value
18132,525.0,1,226.9,5,5,5,15,High Value
13788,526.0,1,3.75,5,5,5,15,High Value
17177,526.0,1,119.5,5,5,5,15,High Value
16165,526.0,1,79.9,5,5,5,15,High Value
14858,527.0,1,180.75,5,5,5,15,High Value
13913,528.0,1,42.22,5,5,5,15,High Value
17395,529.0,1,97.5,5,5,5,15,High Value
15788,529.0,1,221.83,5,5,5,15,High Value
14674,530.0,1,173.66,5,5,5,15,High Value
17261,531.0,1,230.44,5,5,5,15,High Value
17541,531.0,1,124.46,5,5,5,15,High Value
16251,533.0,1,128.31,5,5,5,15,High Value
14084,533.0,1,150.5,5,5,5,15,High Value
17559,533.0,1,167.62,5,5,5,15,High Value
14007,534.0,1,79.48,5,5,5,15,High Value
18238,536.0,1,270.92,5,5,5,15,High Value
13779,537.0,1,161.13,5,5,5,15,High Value
14516,537.0,1,163.92,5,5,5,15,High Value
14580,539.0,1,14.85,5,5,5,15,High Value
18279,540.0,1,231.34,5,5,5,15,High Value
15056,541.0,1,133.45,5,5,5,15,High Value
17129,541.0,1,31.85,5,5,5,15,High Value
16443,542.0,1,162.24,5,5,5,15,High Value
14900,543.0,1,13.92,5,5,5,15,High Value
13125,545.0,1,158.57,5,5,5,15,High Value
14366,546.0,1,136.0,5,5,5,15,High Value
15851,547.0,1,109.73,5,5,5,15,High Value
15486,548.0,1,102.0,5,5,5,15,High Value
13620,549.0,1,112.34,5,5,5,15,High Value
14774,549.0,1,241.45,5,5,5,15,High Value
12799,550.0,1,219.35,5,5,5,15,High Value
16733,551.0,1,259.68,5,5,5,15,High Value
15913,555.0,1,6.3,5,5,5,15,High Value
17304,555.0,1,111.5,5,5,5,15,High Value
15991,555.0,1,150.55,5,5,5,15,High Value
14509,555.0,1,110.95,5,5,5,15,High Value
14874,556.0,1,116.18,5,5,5,15,High Value
12774,557.0,1,98.7,5,5,5,15,High Value
17192,557.0,1,77.83,5,5,5,15,High Value
16486,558.0,1,134.36,5,5,5,15,High Value
17953,561.0,1,160.82,5,5,5,15,High Value
16925,561.0,1,125.65,5,5,5,15,High Value
13608,561.0,1,236.2,5,5,5,15,High Value
12746,562.0,1,254.55,5,5,5,15,High Value
13112,562.0,1,20.6,5,5,5,15,High Value
17401,562.0,1,114.85,5,5,5,15,High Value
14374,562.0,1,108.0,5,5,5,15,High Value
13586,562.0,1,131.53,5,5,5,15,High Value
15040,563.0,1,7.49,5,5,5,15,High Value
15926,563.0,1,134.44,5,5,5,15,High Value
17922,564.0,1,170.4,5,5,5,15,High Value
15905,564.0,1,114.69,5,5,5,15,High Value
18020,564.0,1,190.48,5,5,5,15,High Value
16622,565.0,1,225.4,5,5,5,15,High Value
16547,567.0,1,111.71,5,5,5,15,High Value
13794,567.0,1,126.03,5,5,5,15,High Value
17902,567.0,1,216.4,5,5,5,15,High Value
13438,568.0,1,46.5,5,5,5,15,High Value
17971,569.0,1,161.94,5,5,5,15,High Value
15352,570.0,1,114.95,5,5,5,15,High Value
17417,570.0,1,164.18,5,5,5,15,High Value
18103,570.0,1,105.8,5,5,5,15,High Value
17543,570.0,1,120.05,5,5,5,15,High Value
17784,571.0,1,112.86,5,5,5,15,High Value
14786,571.0,1,90.96,5,5,5,15,High Value
17009,572.0,1,242.06,5,5,5,15,High Value
13056,572.0,1,209.48,5,5,5,15,High Value
17915,572.0,1,242.13,5,5,5,15,High Value
18234,573.0,1,179.6,5,5,5,15,High Value
15731,575.0,1,125.3,5,5,5,15,High Value
17216,575.0,1,65.05,5,5,5,15,High Value
16896,576.0,1,103.95,5,5,5,15,High Value
14033,576.0,1,109.44,5,5,5,15,High Value
15305,576.0,1,93.6,5,5,5,15,High Value
18038,577.0,1,149.41,5,5,5,15,High Value
16035,581.0,1,217.73,5,5,5,15,High Value
17583,581.0,1,135.95,5,5,5,15,High Value
15340,583.0,1,105.5,5,5,5,15,High Value
16046,583.0,1,235.78,5,5,5,15,High Value
17074,583.0,1,203.05,5,5,5,15,High Value
14993,584.0,1,36.13,5,5,5,15,High Value
18000,585.0,1,124.25,5,5,5,15,High Value
12773,585.0,1,124.25,5,5,5,15,High Value
14394,586.0,1,93.8,5,5,5,15,High Value
16831,586.0,1,91.8,5,5,5,15,High Value
16664,590.0,1,109.2,5,5,5,15,High Value
16564,590.0,1,87.8,5,5,5,15,High Value
14325,591.0,1,245.48,5,5,5,15,High Value
14017,592.0,1,229.75,5,5,5,15,High Value
18157,592.0,1,215.35,5,5,5,15,High Value
14982,593.0,1,237.78,5,5,5,15,High Value
16507,593.0,1,152.76,5,5,5,15,High Value
12894,596.0,1,157.35,5,5,5,15,High Value
18197,597.0,1,230.1,5,5,5,15,High Value
15470,597.0,1,63.42,5,5,5,15,High Value
14391,598.0,1,135.6,5,5,5,15,High Value
13222,598.0,1,88.5,5,5,5,15,High Value
13943,599.0,1,246.54,5,5,5,15,High Value
14588,599.0,1,135.39,5,5,5,15,High Value
14361,599.0,1,214.71,5,5,5,15,High Value
14941,600.0,1,182.1,5,5,5,15,High Value
13007,601.0,1,175.25,5,5,5,15,High Value
18254,602.0,1,267.9,5,5,5,15,High Value
14814,602.0,1,160.46,5,5,5,15,High Value
13830,602.0,1,156.85,5,5,5,15,High Value
17798,603.0,1,183.09,5,5,5,15,High Value
17225,603.0,1,131.15,5,5,5,15,High Value
17199,603.0,1,145.12,5,5,5,15,High Value
15868,604.0,1,94.53,5,5,5,15,High Value
18028,604.0,1,192.05,5,5,5,15,High Value
15391,605.0,1,289.87,5,5,5,15,High Value
15229,607.0,1,160.5,5,5,5,15,High Value
17565,608.0,1,131.83,5,5,5,15,High Value
16651,608.0,1,136.2,5,5,5,15,High Value
14683,609.0,1,146.56,5,5,5,15,High Value
14650,610.0,1,62.5,5,5,5,15,High Value
15954,610.0,1,190.75,5,5,5,15,High Value
17605,611.0,1,160.75,5,5,5,15,High Value
16267,612.0,1,186.66,5,5,5,15,High Value
16408,612.0,1,231.93,5,5,5,15,High Value
12392,612.0,1,234.75,5,5,5,15,High Value
17959,613.0,1,140.75,5,5,5,15,High Value
14999,614.0,1,129.48,5,5,5,15,High Value
14773,614.0,1,140.55,5,5,5,15,High Value
14743,614.0,1,50.48,5,5,5,15,High Value
17093,614.0,1,235.88,5,5,5,15,High Value
14677,614.0,1,184.91,5,5,5,15,High Value
13609,614.0,1,167.35,5,5,5,15,High Value
16068,615.0,1,122.93,5,5,5,15,High Value
15548,616.0,1,158.09,5,5,5,15,High Value
16028,617.0,1,82.2,5,5,5,15,High Value
15474,617.0,1,163.1,5,5,5,15,High Value
17240,617.0,1,130.6,5,5,5,15,High Value
15455,618.0,1,38.25,5,5,5,15,High Value
14812,619.0,1,185.8,5,5,5,15,High Value
16548,620.0,1,30.15,5,5,5,15,High Value
15273,621.0,1,228.96,5,5,5,15,High Value
14845,621.0,1,150.0,5,5,5,15,High Value
17626,623.0,1,254.0,5,5,5,15,High Value
12969,624.0,1,122.45,5,5,5,15,High Value
13180,628.0,1,86.1,5,5,5,15,High Value
16944,631.0,1,101.36,5,5,5,15,High Value
13163,631.0,1,17.65,5,5,5,15,High Value
13852,632.0,1,187.35,5,5,5,15,High Value
15112,632.0,1,209.4,5,5,5,15,High Value
16941,633.0,1,33.0,5,5,5,15,High Value
13071,633.0,1,129.22,5,5,5,15,High Value
14694,638.0,1,244.31,5,5,5,15,High Value
17993,638.0,1,235.19,5,5,5,15,High Value
13219,639.0,1,76.23,5,5,5,15,High Value
16845,639.0,1,253.88,5,5,5,15,High Value
15742,640.0,1,156.87,5,5,5,15,High Value
17586,640.0,1,167.4,5,5,5,15,High Value
15575,640.0,1,30.1,5,5,5,15,High Value
12861,641.0,1,68.25,5,5,5,15,High Value
15231,642.0,1,250.26,5,5,5,15,High Value
14378,642.0,1,131.25,5,5,5,15,High Value
13053,643.0,1,127.65,5,5,5,15,High Value
15848,643.0,1,139.94,5,5,5,15,High Value
14074,644.0,1,219.4,5,5,5,15,High Value
18166,644.0,1,175.5,5,5,5,15,High Value
14330,645.0,1,200.63,5,5,5,15,High Value
15698,645.0,1,46.2,5,5,5,15,High Value
16090,645.0,1,205.91,5,5,5,15,High Value
17072,646.0,1,282.05,5,5,5,15,High Value
16741,646.0,1,173.06,5,5,5,15,High Value
16002,646.0,1,169.21,5,5,5,15,High Value
13445,647.0,1,241.9,5,5,5,15,High Value
16578,647.0,1,156.6,5,5,5,15,High Value
16970,647.0,1,71.4,5,5,5,15,High Value
14596,647.0,1,229.47,5,5,5,15,High Value
14928,649.0,1,223.91,5,5,5,15,High Value
16397,649.0,1,127.88,5,5,5,15,High Value
17587,649.0,1,181.66,5,5,5,15,High Value
16508,651.0,1,248.8,5,5,5,15,High Value
13128,652.0,1,263.5,5,5,5,15,High Value
15496,652.0,1,146.14,5,5,5,15,High Value
18131,653.0,1,222.96,5,5,5,15,High Value
17933,653.0,1,114.69,5,5,5,15,High Value
14604,654.0,1,143.86,5,5,5,15,High Value
13724,658.0,1,213.01,5,5,5,15,High Value
12692,658.0,1,110.95,5,5,5,15,High Value
12954,660.0,1,162.45,5,5,5,15,High Value
15558,660.0,1,214.13,5,5,5,15,High Value
15250,662.0,1,60.0,5,5,5,15,High Value
13454,662.0,1,219.87,5,5,5,15,High Value
16537,662.0,1,23.35,5,5,5,15,High Value
12568,666.0,1,70.0,5,5,5,15,High Value
15875,667.0,1,111.72,5,5,5,15,High Value
16285,667.0,1,176.9,5,5,5,15,High Value
18148,668.0,1,114.1,5,5,5,15,High Value
13793,668.0,1,96.0,5,5,5,15,High Value
15927,668.0,1,123.39,5,5,5,15,High Value
16731,669.0,1,174.05,5,5,5,15,High Value
14131,670.0,1,187.87,5,5,5,15,High Value
18046,671.0,1,189.63,5,5,5,15,High Value
14402,673.0,1,285.6,5,5,5,15,High Value
13469,674.0,1,82.4,5,5,5,15,High Value
13944,674.0,1,200.43,5,5,5,15,High Value
16388,675.0,1,186.05,5,5,5,15,High Value
13490,675.0,1,154.25,5,5,5,15,High Value
15295,675.0,1,217.24,5,5,5,15,High Value
14726,675.0,1,124.75,5,5,5,15,High Value
14602,677.0,1,205.36,5,5,5,15,High Value
12416,678.0,1,202.56,5,5,5,15,High Value
13191,679.0,1,164.69,5,5,5,15,High Value
18153,680.0,1,246.22,5,5,5,15,High Value
15693,680.0,1,37.5,5,5,5,15,High Value
17778,682.0,1,197.7,5,5,5,15,High Value
15371,683.0,1,59.4,5,5,5,15,High Value
17136,683.0,1,231.68,5,5,5,15,High Value
14943,684.0,1,107.62,5,5,5,15,High Value
15964,684.0,1,272.96,5,5,5,15,High Value
17108,684.0,1,174.95,5,5,5,15,High Value
15293,687.0,1,247.5,5,5,5,15,High Value
14190,687.0,1,79.9,5,5,5,15,High Value
17575,688.0,1,171.7,5,5,5,15,High Value
12776,688.0,1,55.5,5,5,5,15,High Value
16530,689.0,1,48.35,5,5,5,15,High Value
15082,690.0,1,93.35,5,5,5,15,High Value
13119,690.0,1,134.9,5,5,5,15,High Value
15892,690.0,1,128.2,5,5,5,15,High Value
17319,690.0,1,29.1,5,5,5,15,High Value
14884,690.0,1,120.6,5,5,5,15,High Value
16082,691.0,1,106.75,5,5,5,15,High Value
13009,693.0,1,234.0,5,5,5,15,High Value
18267,694.0,1,269.37,5,5,5,15,High Value
17328,694.0,1,104.7,5,5,5,15,High Value
13757,695.0,1,195.55,5,5,5,15,High Value
12848,696.0,1,208.0,5,5,5,15,High Value
18175,697.0,1,176.1,5,5,5,15,High Value
13511,697.0,1,282.76,5,5,5,15,High Value
15317,698.0,1,129.75,5,5,5,15,High Value
14637,698.0,1,106.68,5,5,5,15,High Value
15338,698.0,1,283.43,5,5,5,15,High Value
13392,698.0,1,91.14,5,5,5,15,High Value
16673,700.0,1,188.83,5,5,5,15,High Value
15487,700.0,1,231.32,5,5,5,15,High Value
14613,701.0,1,76.32,5,5,5,15,High Value
17982,702.0,1,138.18,5,5,5,15,High Value
16051,703.0,1,188.44,5,5,5,15,High Value
12570,703.0,1,77.52,5,5,5,15,High Value
14380,703.0,1,48.96,5,5,5,15,High Value
16047,703.0,1,107.14,5,5,5,15,High Value
12846,703.0,1,15.58,5,5,5,15,High Value
12555,703.0,1,129.23,5,5,5,15,High Value
16291,703.0,1,117.72,5,5,5,15,High Value
12466,703.0,1,56.73,5,5,5,15,High Value
12404,703.0,1,63.24,5,5,5,15,High Value
12606,703.0,1,21.0,5,5,5,15,High Value
14376,704.0,1,215.46,5,5,5,15,High Value
14879,706.0,1,185.06,5,5,5,15,High Value
16822,707.0,1,181.39,5,5,5,15,High Value
14274,707.0,1,256.6,5,5,5,15,High Value
14207,709.0,1,157.8,5,5,5,15,High Value
17875,709.0,1,167.1,5,5,5,15,High Value
14983,710.0,1,183.2,5,5,5,15,High Value
12470,711.0,1,211.95,5,5,5,15,High Value
16867,711.0,1,76.74,5,5,5,15,High Value
15697,711.0,1,246.75,5,5,5,15,High Value
15375,711.0,1,60.96,5,5,5,15,High Value
14892,712.0,1,202.35,5,5,5,15,High Value
13907,712.0,1,136.8,5,5,5,15,High Value
12860,714.0,1,55.47,5,5,5,15,High Value
17352,717.0,1,36.25,5,5,5,15,High Value
18115,719.0,1,9.7,5,5,5,15,High Value
15324,722.0,1,140.22,5,5,5,15,High Value
15409,742.0,1,131.25,5,5,5,15,High Value
16908,743.0,1,252.59,5,5,5,15,High Value
14095,743.0,1,2.95,5,5,5,15,High Value
16694,744.0,1,98.3,5,5,5,15,High Value
18012,744.0,1,115.3,5,5,5,15,High Value
15499,744.0,1,161.6,5,5,5,15,High Value
16605,745.0,1,60.48,5,5,5,15,High Value
15672,746.0,1,45.3,5,5,5,15,High Value
12992,746.0,1,93.35,5,5,5,15,High Value
16064,746.0,1,111.0,5,5,5,15,High Value
16280,746.0,1,238.05,5,5,5,15,High Value
17318,746.0,1,164.28,5,5,5,15,High Value
15534,746.0,1,162.25,5,5,5,15,High Value
14977,747.0,1,31.93,5,5,5,15,High Value
17910,747.0,1,261.7,5,5,5,15,High Value
17066,747.0,1,228.34,5,5,5,15,High Value
17487,749.0,1,160.55,5,5,5,15,High Value
16901,750.0,1,204.26,5,5,5,15,High Value
16663,750.0,1,165.0,5,5,5,15,High Value
16459,750.0,1,71.79,5,5,5,15,High Value
15642,751.0,1,105.78,5,5,5,15,High Value
15209,751.0,1,178.98,5,5,5,15,High Value
12487,752.0,1,285.3,5,5,5,15,High Value
13114,752.0,1,234.38,5,5,5,15,High Value
15924,752.0,1,102.82,5,5,5,15,High Value
14574,753.0,1,143.7,5,5,5,15,High Value
14955,754.0,1,163.77,5,5,5,15,High Value
14003,754.0,1,209.41,5,5,5,15,High Value
15479,754.0,1,147.4,5,5,5,15,High Value
14717,754.0,1,81.3,5,5,5,15,High Value
14468,754.0,1,204.24,5,5,5,15,High Value
16277,755.0,1,188.69,5,5,5,15,High Value
16410,755.0,1,130.32,5,5,5,15,High Value
17151,756.0,1,231.9,5,5,5,15,High Value
15999,756.0,1,20.4,5,5,5,15,High Value
16645,757.0,1,160.39,5,5,5,15,High Value
14750,757.0,1,112.03,5,5,5,15,High Value
17271,757.0,1,210.39,5,5,5,15,High Value
12934,758.0,1,181.65,5,5,5,15,High Value
14347,758.0,1,82.6,5,5,5,15,High Value
16301,758.0,1,107.33,5,5,5,15,High Value
14106,758.0,1,214.8,5,5,5,15,High Value
14980,758.0,1,150.68,5,5,5,15,High Value
17606,758.0,1,87.3,5,5,5,15,High Value
17909,758.0,1,132.55,5,5,5,15,High Value
15833,759.0,1,80.4,5,5,5,15,High Value
17818,759.0,1,130.18,5,5,5,15,High Value
17087,759.0,1,221.53,5,5,5,15,High Value
14654,759.0,1,246.86,5,5,5,15,High Value
17056,759.0,1,128.6,5,5,5,15,High Value
17592,760.0,1,148.3,5,5,5,15,High Value
12636,760.0,1,141.0,5,5,5,15,High Value
16659,210.0,1,39.12,4,5,5,14,High Value
14453,211.0,1,119.93,4,5,5,14,High Value
16483,213.0,1,139.35,4,5,5,14,High Value
15925,215.0,1,207.15,4,5,5,14,High Value
14280,218.0,1,134.04,4,5,5,14,High Value
14816,218.0,1,271.85,4,5,5,14,High Value
14705,219.0,1,179.0,4,5,5,14,High Value
15705,222.0,1,143.1,4,5,5,14,High Value
15292,222.0,1,180.94,4,5,5,14,High Value
13227,223.0,1,257.7,4,5,5,14,High Value
17455,224.0,1,131.7,4,5,5,14,High Value
13391,225.0,1,59.8,4,5,5,14,High Value
17263,229.0,1,63.44,4,5,5,14,High Value
14689,230.0,1,112.8,4,5,5,14,High Value
18120,235.0,1,111.15,4,5,5,14,High Value
17174,239.0,1,59.9,4,5,5,14,High Value
15668,239.0,1,76.32,4,5,5,14,High Value
14393,239.0,1,67.95,4,5,5,14,High Value
16457,239.0,1,208.36,4,5,5,14,High Value
14340,240.0,1,134.7,4,5,5,14,High Value
17394,240.0,1,203.87,4,5,5,14,High Value
16610,240.0,1,75.66,4,5,5,14,High Value
16055,242.0,1,134.8,4,5,5,14,High Value
17893,246.0,1,112.25,4,5,5,14,High Value
13229,246.0,1,160.95,4,5,5,14,High Value
16965,247.0,1,201.19,4,5,5,14,High Value
17670,249.0,1,205.7,4,5,5,14,High Value
12622,253.0,1,180.1,4,5,5,14,High Value
16587,253.0,1,225.15,4,5,5,14,High Value
12506,254.0,1,73.5,4,5,5,14,High Value
15517,254.0,1,267.03,4,5,5,14,High Value
16617,257.0,1,151.85,4,5,5,14,High Value
18213,258.0,1,232.48,4,5,5,14,High Value
17367,259.0,1,168.4,4,5,5,14,High Value
13120,260.0,1,30.6,4,5,5,14,High Value
16097,261.0,1,185.05,4,5,5,14,High Value
16697,262.0,1,112.75,4,5,5,14,High Value
17972,262.0,1,136.04,4,5,5,14,High Value
17574,264.0,1,185.65,4,5,5,14,High Value
18129,264.0,1,112.55,4,5,5,14,High Value
13570,264.0,1,239.49,4,5,5,14,High Value
15119,267.0,1,266.4,4,5,5,14,High Value
16144,268.0,1,175.2,4,5,5,14,High Value
17906,268.0,1,72.9,4,5,5,14,High Value
14964,268.0,1,206.21,4,5,5,14,High Value
17956,270.0,1,12.75,4,5,5,14,High Value
16162,273.0,1,37.4,4,5,5,14,High Value
13841,273.0,1,85.0,4,5,5,14,High Value
15528,275.0,1,229.33,4,5,5,14,High Value
17775,276.0,1,56.4,4,5,5,14,High Value
18010,277.0,1,174.8,4,5,5,14,High Value
15083,277.0,1,88.2,4,5,5,14,High Value
14476,278.0,1,215.7,4,5,5,14,High Value
14536,280.0,1,171.8,4,5,5,14,High Value
15178,281.0,1,40.5,4,5,5,14,High Value
17698,282.0,1,154.95,4,5,5,14,High Value
13132,282.0,1,77.3,4,5,5,14,High Value
17102,283.0,1,25.5,4,5,5,14,High Value
15457,283.0,1,237.07,4,5,5,14,High Value
14632,284.0,1,114.56,4,5,5,14,High Value
18224,285.0,1,158.95,4,5,5,14,High Value
15408,285.0,1,267.18,4,5,5,14,High Value
12902,285.0,1,138.68,4,5,5,14,High Value
15703,286.0,1,211.5,4,5,5,14,High Value
14155,287.0,1,118.75,4,5,5,14,High Value
17060,287.0,1,234.24,4,5,5,14,High Value
14041,287.0,1,141.41,4,5,5,14,High Value
15019,287.0,1,266.0,4,5,5,14,High Value
14066,287.0,1,152.55,4,5,5,14,High Value
14059,288.0,1,183.6,4,5,5,14,High Value
13072,288.0,1,177.15,4,5,5,14,High Value
16976,288.0,1,251.52,4,5,5,14,High Value
13185,289.0,1,71.4,4,5,5,14,High Value
13121,290.0,1,283.73,4,5,5,14,High Value
13716,290.0,1,138.28,4,5,5,14,High Value
15388,291.0,1,140.54,4,5,5,14,High Value
15049,294.0,1,121.17,4,5,5,14,High Value
18086,295.0,1,101.34,4,5,5,14,High Value
14165,296.0,1,122.54,4,5,5,14,High Value
14586,298.0,1,237.36,4,5,5,14,High Value
15234,298.0,1,197.0,4,5,5,14,High Value
16517,298.0,1,162.7,4,5,5,14,High Value
17654,298.0,1,117.55,4,5,5,14,High Value
15554,299.0,1,217.2,4,5,5,14,High Value
17535,301.0,1,164.4,4,5,5,14,High Value
15733,304.0,1,162.3,4,5,5,14,High Value
15319,304.0,1,204.5,4,5,5,14,High Value
14046,305.0,1,154.99,4,5,5,14,High Value
12509,305.0,1,176.5,4,5,5,14,High Value
16339,305.0,1,109.95,4,5,5,14,High Value
16598,307.0,1,145.05,4,5,5,14,High Value
13973,308.0,1,264.7,4,5,5,14,High Value
17117,309.0,1,116.2,4,5,5,14,High Value
12565,310.0,1,145.92,4,5,5,14,High Value
18068,310.0,1,101.7,4,5,5,14,High Value
15397,311.0,1,94.0,4,5,5,14,High Value
18114,311.0,1,220.1,4,5,5,14,High Value
16349,311.0,1,53.5,4,5,5,14,High Value
14371,316.0,1,100.5,4,5,5,14,High Value
18138,316.0,1,152.65,4,5,5,14,High Value
14386,318.0,1,142.4,4,5,5,14,High Value
14760,318.0,1,89.2,4,5,5,14,High Value
16073,318.0,1,122.4,4,5,5,14,High Value
16738,319.0,1,3.75,4,5,5,14,High Value
12561,324.0,1,238.85,4,5,5,14,High Value
12401,324.0,1,84.3,4,5,5,14,High Value
15843,325.0,1,118.95,4,5,5,14,High Value
17881,325.0,1,133.35,4,5,5,14,High Value
15753,325.0,1,79.2,4,5,5,14,High Value
17859,326.0,1,148.21,4,5,5,14,High Value
14438,327.0,1,131.9,4,5,5,14,High Value
17517,330.0,1,153.94,4,5,5,14,High Value
15226,332.0,1,154.41,4,5,5,14,High Value
14457,332.0,1,113.64,4,5,5,14,High Value
15940,332.0,1,35.8,4,5,5,14,High Value
12929,332.0,1,117.85,4,5,5,14,High Value
17619,333.0,1,218.52,4,5,5,14,High Value
16403,333.0,1,177.5,4,5,5,14,High Value
12574,337.0,1,218.45,4,5,5,14,High Value
17118,338.0,1,157.02,4,5,5,14,High Value
15052,340.0,1,215.78,4,5,5,14,High Value
15820,341.0,1,206.98,4,5,5,14,High Value
14782,341.0,1,200.1,4,5,5,14,High Value
14368,341.0,1,155.0,4,5,5,14,High Value
14090,346.0,1,76.32,4,5,5,14,High Value
15395,346.0,1,107.45,4,5,5,14,High Value
15316,348.0,1,165.0,4,5,5,14,High Value
15510,351.0,1,250.0,4,5,5,14,High Value
13284,352.0,1,201.19,4,5,5,14,High Value
14185,352.0,1,197.65,4,5,5,14,High Value
12736,354.0,1,234.0,4,5,5,14,High Value
18032,355.0,1,73.5,4,5,5,14,High Value
17128,355.0,1,157.09,4,5,5,14,High Value
14889,357.0,1,135.9,4,5,5,14,High Value
15460,375.0,1,216.76,4,5,5,14,High Value
12551,379.0,1,168.0,4,5,5,14,High Value
14373,379.0,1,76.55,4,5,5,14,High Value
17752,380.0,1,80.64,4,5,5,14,High Value
17303,382.0,1,250.04,4,5,5,14,High Value
16665,383.0,1,135.4,4,5,5,14,High Value
18004,383.0,1,169.47,4,5,5,14,High Value
18113,389.0,1,152.64,4,5,5,14,High Value
15899,390.0,1,112.5,4,5,5,14,High Value
14589,393.0,1,79.5,4,5,5,14,High Value
12686,393.0,1,178.28,4,5,5,14,High Value
14576,393.0,1,70.8,4,5,5,14,High Value
13011,393.0,1,101.1,4,5,5,14,High Value
15923,393.0,1,254.16,4,5,5,14,High Value
17378,395.0,1,10.95,4,5,5,14,High Value
17820,395.0,1,183.56,4,5,5,14,High Value
17826,395.0,1,134.59,4,5,5,14,High Value
15404,397.0,1,257.06,4,5,5,14,High Value
13254,397.0,1,51.41,4,5,5,14,High Value
15583,397.0,1,107.86,4,5,5,14,High Value
17283,400.0,1,188.46,4,5,5,14,High Value
12961,400.0,1,211.99,4,5,5,14,High Value
17989,400.0,1,228.83,4,5,5,14,High Value
15495,400.0,1,246.5,4,5,5,14,High Value
15020,400.0,1,203.42,4,5,5,14,High Value
16874,400.0,1,217.74,4,5,5,14,High Value
14721,400.0,1,115.77,4,5,5,14,High Value
15902,401.0,1,145.01,4,5,5,14,High Value
15509,401.0,1,166.51,4,5,5,14,High Value
18076,401.0,1,151.49,4,5,5,14,High Value
14458,401.0,1,237.42,4,5,5,14,High Value
17872,402.0,1,235.87,4,5,5,14,High Value
17570,403.0,1,100.0,4,5,5,14,High Value
16821,403.0,1,113.35,4,5,5,14,High Value
17036,404.0,1,176.9,4,5,5,14,High Value
17275,404.0,1,114.52,4,5,5,14,High Value
12858,404.0,1,177.92,4,5,5,14,High Value
12887,405.0,1,222.4,4,5,5,14,High Value
17493,406.0,1,100.91,4,5,5,14,High Value
16346,406.0,1,224.51,4,5,5,14,High Value
15846,406.0,1,107.01,4,5,5,14,High Value
16599,406.0,1,172.8,4,5,5,14,High Value
17532,407.0,1,65.34,4,5,5,14,High Value
17868,407.0,1,234.65,4,5,5,14,High Value
17089,407.0,1,128.45,4,5,5,14,High Value
16973,407.0,1,127.0,4,5,5,14,High Value
17355,407.0,1,285.11,4,5,5,14,High Value
14405,408.0,1,195.0,4,5,5,14,High Value
18195,408.0,1,101.16,4,5,5,14,High Value
15515,408.0,1,171.81,4,5,5,14,High Value
14811,408.0,1,170.5,4,5,5,14,High Value
18256,409.0,1,110.7,4,5,5,14,High Value
15161,409.0,1,119.92,4,5,5,14,High Value
13789,409.0,1,239.46,4,5,5,14,High Value
14526,410.0,1,262.4,4,5,5,14,High Value
17992,410.0,1,254.13,4,5,5,14,High Value
14559,411.0,1,75.6,4,5,5,14,High Value
16074,411.0,1,265.25,4,5,5,14,High Value
16687,412.0,1,157.63,4,5,5,14,High Value
17803,413.0,1,184.66,4,5,5,14,High Value
17210,413.0,1,253.37,4,5,5,14,High Value
18007,414.0,1,220.32,4,5,5,14,High Value
18054,414.0,1,176.5,4,5,5,14,High Value
17558,414.0,1,259.17,4,5,5,14,High Value
16786,415.0,1,51.84,4,5,5,14,High Value
16662,415.0,1,163.8,4,5,5,14,High Value
13915,415.0,1,70.8,4,5,5,14,High Value
15131,415.0,1,80.28,4,5,5,14,High Value
13671,416.0,1,194.95,4,5,5,14,High Value
12927,416.0,1,197.31,4,5,5,14,High Value
16740,416.0,1,236.81,4,5,5,14,High Value
17983,416.0,1,171.71,4,5,5,14,High Value
17467,416.0,1,102.6,4,5,5,14,High Value
17208,416.0,1,115.35,4,5,5,14,High Value
15635,417.0,1,100.35,4,5,5,14,High Value
13691,417.0,1,212.78,4,5,5,14,High Value
16420,417.0,1,75.0,4,5,5,14,High Value
12892,418.0,1,263.38,4,5,5,14,High Value
16559,418.0,1,185.2,4,5,5,14,High Value
16640,419.0,1,179.4,4,5,5,14,High Value
13903,421.0,1,165.45,4,5,5,14,High Value
13172,421.0,1,69.6,4,5,5,14,High Value
13303,421.0,1,61.72,4,5,5,14,High Value
12914,421.0,1,223.98,4,5,5,14,High Value
15233,422.0,1,59.4,4,5,5,14,High Value
15336,422.0,1,240.5,4,5,5,14,High Value
16865,423.0,1,130.95,4,5,5,14,High Value
13331,423.0,1,262.4,4,5,5,14,High Value
13215,423.0,1,81.6,4,5,5,14,High Value
13251,423.0,1,252.68,4,5,5,14,High Value
13535,424.0,1,89.5,4,5,5,14,High Value
16876,425.0,1,136.01,4,5,5,14,High Value
16724,426.0,1,147.35,4,5,5,14,High Value
16058,427.0,1,62.7,4,5,5,14,High Value
13580,427.0,1,107.75,4,5,5,14,High Value
15170,428.0,1,81.15,4,5,5,14,High Value
16630,428.0,1,106.8,4,5,5,14,High Value
15285,429.0,1,94.92,4,5,5,14,High Value
15328,429.0,1,107.24,4,5,5,14,High Value
14281,429.0,1,245.15,4,5,5,14,High Value
13547,429.0,1,175.53,4,5,5,14,High Value
12563,430.0,1,249.24,4,5,5,14,High Value
15536,430.0,1,259.09,4,5,5,14,High Value
13906,430.0,1,42.0,4,5,5,14,High Value
13578,430.0,1,147.66,4,5,5,14,High Value
14278,430.0,1,205.83,4,5,5,14,High Value
16962,431.0,1,251.04,4,5,5,14,High Value
14718,431.0,1,226.42,4,5,5,14,High Value
14183,432.0,2,286.29,5,4,5,14,High Value
16920,432.0,1,355.45,5,5,4,14,High Value
17435,432.0,1,331.35,5,5,4,14,High Value
13981,437.0,1,331.14,5,5,4,14,High Value
15459,438.0,2,202.83,5,4,5,14,High Value
16691,439.0,2,178.83,5,4,5,14,High Value
15735,442.0,1,327.68,5,5,4,14,High Value
18090,442.0,1,349.4,5,5,4,14,High Value
15242,443.0,1,302.04,5,5,4,14,High Value
12900,443.0,1,340.33,5,5,4,14,High Value
13909,444.0,2,286.6,5,4,5,14,High Value
16263,444.0,1,351.01,5,5,4,14,High Value
14263,444.0,1,322.93,5,5,4,14,High Value
17710,445.0,1,293.5,5,5,4,14,High Value
16579,447.0,1,295.05,5,5,4,14,High Value
17196,449.0,1,352.9,5,5,4,14,High Value
13556,450.0,2,200.82,5,4,5,14,High Value
13861,450.0,2,273.26,5,4,5,14,High Value
14991,451.0,1,314.67,5,5,4,14,High Value
15778,452.0,1,307.95,5,5,4,14,High Value
16476,453.0,1,350.35,5,5,4,14,High Value
15884,453.0,2,249.7,5,4,5,14,High Value
15451,455.0,2,233.21,5,4,5,14,High Value
16044,456.0,1,340.84,5,5,4,14,High Value
14707,457.0,2,139.2,5,4,5,14,High Value
17257,457.0,2,192.73,5,4,5,14,High Value
12946,458.0,1,324.45,5,5,4,14,High Value
15616,459.0,1,317.11,5,5,4,14,High Value
13281,460.0,1,350.85,5,5,4,14,High Value
14269,460.0,1,295.73,5,5,4,14,High Value
14094,461.0,1,335.22,5,5,4,14,High Value
16857,464.0,1,352.8,5,5,4,14,High Value
12850,466.0,1,330.0,5,5,4,14,High Value
15962,470.0,1,295.83,5,5,4,14,High Value
13129,473.0,2,233.25,5,4,5,14,High Value
15401,473.0,2,216.95,5,4,5,14,High Value
12760,477.0,1,347.8,5,5,4,14,High Value
12460,477.0,1,326.65,5,5,4,14,High Value
15741,479.0,2,208.62,5,4,5,14,High Value
13250,482.0,2,256.04,5,4,5,14,High Value
15378,484.0,2,246.5,5,4,5,14,High Value
15094,484.0,2,83.0,5,4,5,14,High Value
15779,484.0,2,124.08,5,4,5,14,High Value
15564,484.0,2,70.74,5,4,5,14,High Value
18182,484.0,1,291.13,5,5,4,14,High Value
16819,486.0,2,182.59,5,4,5,14,High Value
16375,491.0,2,104.0,5,4,5,14,High Value
14268,492.0,1,354.85,5,5,4,14,High Value
17292,493.0,2,271.75,5,4,5,14,High Value
17471,496.0,1,321.65,5,5,4,14,High Value
15702,497.0,2,140.39,5,4,5,14,High Value
17627,500.0,1,296.36,5,5,4,14,High Value
14749,500.0,1,310.15,5,5,4,14,High Value
15893,503.0,1,305.28,5,5,4,14,High Value
14630,505.0,1,338.65,5,5,4,14,High Value
15595,508.0,1,357.6,5,5,4,14,High Value
15403,512.0,2,170.88,5,4,5,14,High Value
12595,526.0,1,299.02,5,5,4,14,High Value
14166,526.0,2,256.85,5,4,5,14,High Value
14797,528.0,1,300.31,5,5,4,14,High Value
18021,531.0,2,227.06,5,4,5,14,High Value
14486,533.0,2,175.5,5,4,5,14,High Value
14069,535.0,2,230.06,5,4,5,14,High Value
17847,537.0,2,129.69,5,4,5,14,High Value
16649,541.0,1,306.58,5,5,4,14,High Value
14279,542.0,2,191.86,5,4,5,14,High Value
14876,542.0,2,256.7,5,4,5,14,High Value
17748,548.0,1,358.15,5,5,4,14,High Value
12529,549.0,1,316.48,5,5,4,14,High Value
16453,551.0,2,251.71,5,4,5,14,High Value
16683,555.0,1,320.25,5,5,4,14,High Value
13942,555.0,1,320.0,5,5,4,14,High Value
13676,560.0,2,243.9,5,4,5,14,High Value
15718,561.0,1,293.79,5,5,4,14,High Value
15816,563.0,2,144.15,5,4,5,14,High Value
13383,565.0,1,305.28,5,5,4,14,High Value
13619,566.0,2,231.69,5,4,5,14,High Value
17246,567.0,2,38.92,5,4,5,14,High Value
18137,572.0,2,145.99,5,4,5,14,High Value
18206,574.0,1,314.66,5,5,4,14,High Value
16695,582.0,2,193.15,5,4,5,14,High Value
16328,584.0,1,310.83,5,5,4,14,High Value
15086,585.0,2,218.53,5,4,5,14,High Value
14464,589.0,2,111.0,5,4,5,14,High Value
13616,589.0,2,288.1,5,4,5,14,High Value
17184,590.0,2,198.41,5,4,5,14,High Value
15282,591.0,1,348.59,5,5,4,14,High Value
17484,597.0,2,209.57,5,4,5,14,High Value
16487,598.0,2,209.4,5,4,5,14,High Value
17077,599.0,1,306.0,5,5,4,14,High Value
13051,600.0,2,155.8,5,4,5,14,High Value
13400,604.0,1,310.83,5,5,4,14,High Value
15818,609.0,1,340.5,5,5,4,14,High Value
12698,611.0,1,339.75,5,5,4,14,High Value
14724,611.0,1,345.25,5,5,4,14,High Value
16543,613.0,1,292.21,5,5,4,14,High Value
17057,617.0,1,294.74,5,5,4,14,High Value
13625,618.0,1,301.26,5,5,4,14,High Value
12780,620.0,1,337.4,5,5,4,14,High Value
15979,624.0,1,329.22,5,5,4,14,High Value
16840,624.0,2,139.85,5,4,5,14,High Value
13661,624.0,1,325.24,5,5,4,14,High Value
15982,626.0,1,324.51,5,5,4,14,High Value
14791,628.0,1,303.63,5,5,4,14,High Value
15770,634.0,1,321.45,5,5,4,14,High Value
12496,641.0,2,54.09,5,4,5,14,High Value
16502,641.0,2,266.5,5,4,5,14,High Value
13825,643.0,2,255.59,5,4,5,14,High Value
12663,646.0,2,239.4,5,4,5,14,High Value
16615,647.0,1,291.5,5,5,4,14,High Value
17916,649.0,2,43.87,5,4,5,14,High Value
14832,651.0,1,322.69,5,5,4,14,High Value
16911,656.0,2,255.25,5,4,5,14,High Value
17065,659.0,2,194.7,5,4,5,14,High Value
17907,661.0,1,291.76,5,5,4,14,High Value
12495,662.0,1,357.4,5,5,4,14,High Value
17488,662.0,1,336.5,5,5,4,14,High Value
18253,663.0,1,317.88,5,5,4,14,High Value
15943,670.0,2,271.29,5,4,5,14,High Value
17207,673.0,1,303.22,5,5,4,14,High Value
13765,674.0,1,352.82,5,5,4,14,High Value
17439,676.0,1,325.74,5,5,4,14,High Value
15928,677.0,1,293.53,5,5,4,14,High Value
14783,680.0,1,307.3,5,5,4,14,High Value
17721,680.0,1,307.21,5,5,4,14,High Value
15662,682.0,2,283.73,5,4,5,14,High Value
14989,683.0,1,342.4,5,5,4,14,High Value
18070,690.0,1,314.1,5,5,4,14,High Value
14545,695.0,1,349.25,5,5,4,14,High Value
13628,697.0,1,310.14,5,5,4,14,High Value
12869,702.0,1,337.67,5,5,4,14,High Value
18199,705.0,1,344.75,5,5,4,14,High Value
14519,705.0,2,206.09,5,4,5,14,High Value
14751,705.0,2,126.45,5,4,5,14,High Value
14070,705.0,1,326.55,5,5,4,14,High Value
13036,706.0,1,307.1,5,5,4,14,High Value
17794,708.0,2,147.3,5,4,5,14,High Value
13457,710.0,2,148.22,5,4,5,14,High Value
13315,710.0,1,310.26,5,5,4,14,High Value
14137,716.0,1,332.7,5,5,4,14,High Value
13111,740.0,1,321.88,5,5,4,14,High Value
13847,741.0,1,310.72,5,5,4,14,High Value
17927,743.0,1,294.0,5,5,4,14,High Value
16439,743.0,1,310.7,5,5,4,14,High Value
18186,744.0,1,329.58,5,5,4,14,High Value
16195,744.0,1,323.25,5,5,4,14,High Value
17833,744.0,1,342.36,5,5,4,14,High Value
13289,745.0,1,307.95,5,5,4,14,High Value
15188,746.0,1,310.43,5,5,4,14,High Value
13087,747.0,1,313.64,5,5,4,14,High Value
15085,751.0,1,347.54,5,5,4,14,High Value
13498,751.0,1,327.38,5,5,4,14,High Value
17296,751.0,1,338.13,5,5,4,14,High Value
15302,751.0,1,308.0,5,5,4,14,High Value
15162,752.0,1,312.9,5,5,4,14,High Value
13025,753.0,1,323.39,5,5,4,14,High Value
17441,753.0,1,293.35,5,5,4,14,High Value
13905,754.0,1,312.65,5,5,4,14,High Value
16964,754.0,2,207.85,5,4,5,14,High Value
16192,756.0,1,351.3,5,5,4,14,High Value
13690,80.0,1,172.25,3,5,5,13,High Value
16171,80.0,1,73.2,3,5,5,13,High Value
17620,80.0,1,81.44,3,5,5,13,High Value
18126,81.0,1,206.83,3,5,5,13,High Value
18169,81.0,1,202.65,3,5,5,13,High Value
16179,82.0,1,215.83,3,5,5,13,High Value
14027,82.0,1,104.82,3,5,5,13,High Value
14801,82.0,1,193.14,3,5,5,13,High Value
13193,82.0,1,117.88,3,5,5,13,High Value
18088,82.0,1,167.67,3,5,5,13,High Value
16248,83.0,1,152.94,3,5,5,13,High Value
13419,84.0,1,221.06,3,5,5,13,High Value
13806,85.0,1,256.38,3,5,5,13,High Value
13876,85.0,1,122.7,3,5,5,13,High Value
14792,85.0,1,6.2,3,5,5,13,High Value
17030,85.0,1,146.87,3,5,5,13,High Value
13348,85.0,1,233.76,3,5,5,13,High Value
15937,85.0,1,145.35,3,5,5,13,High Value
14518,85.0,1,174.37,3,5,5,13,High Value
16432,85.0,1,287.4,3,5,5,13,High Value
18033,86.0,1,97.97,3,5,5,13,High Value
14054,86.0,1,92.46,3,5,5,13,High Value
13947,86.0,1,90.6,3,5,5,13,High Value
13483,87.0,1,140.34,3,5,5,13,High Value
16106,87.0,1,108.38,3,5,5,13,High Value
17957,87.0,1,111.68,3,5,5,13,High Value
16591,90.0,1,213.5,3,5,5,13,High Value
13095,91.0,1,74.4,3,5,5,13,High Value
15593,92.0,1,199.8,3,5,5,13,High Value
13364,92.0,1,134.96,3,5,5,13,High Value
12718,92.0,1,238.25,3,5,5,13,High Value
13886,92.0,1,243.56,3,5,5,13,High Value
15175,93.0,1,224.14,3,5,5,13,High Value
17427,93.0,1,100.8,3,5,5,13,High Value
13061,93.0,1,248.61,3,5,5,13,High Value
15348,93.0,1,158.04,3,5,5,13,High Value
14109,94.0,1,144.2,3,5,5,13,High Value
13866,95.0,1,145.67,3,5,5,13,High Value
16594,96.0,1,181.09,3,5,5,13,High Value
17498,96.0,1,272.22,3,5,5,13,High Value
14652,98.0,1,114.18,3,5,5,13,High Value
13127,99.0,1,259.17,3,5,5,13,High Value
15744,99.0,1,34.8,3,5,5,13,High Value
13279,99.0,1,137.75,3,5,5,13,High Value
17079,99.0,1,118.8,3,5,5,13,High Value
16213,100.0,1,159.0,3,5,5,13,High Value
17475,100.0,1,194.37,3,5,5,13,High Value
16215,102.0,1,242.35,3,5,5,13,High Value
17628,102.0,1,75.75,3,5,5,13,High Value
16878,105.0,1,13.3,3,5,5,13,High Value
12995,106.0,1,211.32,3,5,5,13,High Value
17347,107.0,1,228.96,3,5,5,13,High Value
12756,108.0,1,112.08,3,5,5,13,High Value
16959,108.0,1,117.35,3,5,5,13,High Value
15035,111.0,1,252.73,3,5,5,13,High Value
13244,114.0,1,121.74,3,5,5,13,High Value
13130,115.0,1,64.0,3,5,5,13,High Value
15307,117.0,1,205.3,3,5,5,13,High Value
18027,120.0,1,115.31,3,5,5,13,High Value
13099,120.0,1,207.36,3,5,5,13,High Value
15866,122.0,1,230.53,3,5,5,13,High Value
12814,122.0,1,125.92,3,5,5,13,High Value
18200,127.0,1,163.8,3,5,5,13,High Value
15663,127.0,1,138.14,3,5,5,13,High Value
16429,127.0,1,284.55,3,5,5,13,High Value
17844,128.0,1,51.56,3,5,5,13,High Value
16093,128.0,1,17.0,3,5,5,13,High Value
15263,128.0,1,156.51,3,5,5,13,High Value
13411,128.0,1,213.55,3,5,5,13,High Value
14523,129.0,1,241.09,3,5,5,13,High Value
15313,131.0,1,52.0,3,5,5,13,High Value
12968,133.0,1,135.95,3,5,5,13,High Value
14772,133.0,1,139.26,3,5,5,13,High Value
17747,134.0,1,71.4,3,5,5,13,High Value
13273,134.0,1,138.98,3,5,5,13,High Value
15541,135.0,1,85.13,3,5,5,13,High Value
12641,136.0,1,185.9,3,5,5,13,High Value
13621,138.0,1,213.85,3,5,5,13,High Value
14406,140.0,1,156.75,3,5,5,13,High Value
13645,141.0,1,252.1,3,5,5,13,High Value
17331,145.0,1,175.2,3,5,5,13,High Value
16302,148.0,1,233.22,3,5,5,13,High Value
13218,148.0,1,62.64,3,5,5,13,High Value
18099,148.0,1,168.31,3,5,5,13,High Value
12750,150.0,1,275.88,3,5,5,13,High Value
17887,150.0,1,111.35,3,5,5,13,High Value
14076,150.0,1,122.47,3,5,5,13,High Value
15438,152.0,1,156.58,3,5,5,13,High Value
15776,154.0,1,241.62,3,5,5,13,High Value
14143,155.0,1,115.8,3,5,5,13,High Value
15746,155.0,1,196.88,3,5,5,13,High Value
15118,155.0,1,244.8,3,5,5,13,High Value
17693,158.0,1,200.47,3,5,5,13,High Value
14100,159.0,1,194.9,3,5,5,13,High Value
14259,163.0,1,120.0,3,5,5,13,High Value
14117,165.0,1,90.0,3,5,5,13,High Value
15895,171.0,1,179.17,3,5,5,13,High Value
13678,173.0,1,232.6,3,5,5,13,High Value
16338,178.0,1,214.8,3,5,5,13,High Value
15007,180.0,1,156.91,3,5,5,13,High Value
17899,180.0,1,155.8,3,5,5,13,High Value
17939,180.0,1,99.14,3,5,5,13,High Value
17891,183.0,1,203.86,3,5,5,13,High Value
15578,183.0,1,127.1,3,5,5,13,High Value
15537,184.0,1,110.92,3,5,5,13,High Value
14351,186.0,1,51.0,3,5,5,13,High Value
12548,187.0,1,95.2,3,5,5,13,High Value
14795,187.0,1,131.45,3,5,5,13,High Value
16247,191.0,1,114.56,3,5,5,13,High Value
17877,191.0,1,237.61,3,5,5,13,High Value
16114,192.0,1,135.75,3,5,5,13,High Value
15412,192.0,1,190.53,3,5,5,13,High Value
13568,194.0,1,192.85,3,5,5,13,High Value
17879,194.0,1,178.52,3,5,5,13,High Value
13618,195.0,1,177.34,3,5,5,13,High Value
15909,195.0,1,191.94,3,5,5,13,High Value
13826,197.0,1,189.5,3,5,5,13,High Value
16257,198.0,1,46.95,3,5,5,13,High Value
12732,201.0,1,236.26,3,5,5,13,High Value
17234,204.0,1,149.89,3,5,5,13,High Value
16581,204.0,1,105.84,3,5,5,13,High Value
16113,204.0,1,161.38,3,5,5,13,High Value
18072,207.0,1,247.44,3,5,5,13,High Value
14542,207.0,1,103.25,3,5,5,13,High Value
16849,208.0,1,124.57,3,5,5,13,High Value
13682,208.0,1,59.5,3,5,5,13,High Value
16963,208.0,1,110.55,3,5,5,13,High Value
16967,210.0,1,319.02,4,5,4,13,High Value
17900,211.0,2,112.2,4,4,5,13,High Value
13062,212.0,1,346.98,4,5,4,13,High Value
15897,215.0,2,222.05,4,4,5,13,High Value
13737,221.0,1,339.6,4,5,4,13,High Value
13887,225.0,1,349.55,4,5,4,13,High Value
13837,232.0,2,271.24,4,4,5,13,High Value
13990,234.0,1,311.3,4,5,4,13,High Value
12821,235.0,2,220.8,4,4,5,13,High Value
15552,238.0,2,252.52,4,4,5,13,High Value
14697,239.0,2,188.61,4,4,5,13,High Value
17501,242.0,2,288.6,4,4,5,13,High Value
14271,246.0,2,219.13,4,4,5,13,High Value
17946,254.0,2,149.58,4,4,5,13,High Value
17120,254.0,1,307.46,4,5,4,13,High Value
17217,255.0,2,218.0,4,4,5,13,High Value
14242,256.0,2,280.55,4,4,5,13,High Value
17697,257.0,1,338.95,4,5,4,13,High Value
15139,261.0,2,178.96,4,4,5,13,High Value
15212,262.0,2,208.28,4,4,5,13,High Value
17278,262.0,2,271.24,4,4,5,13,High Value
13508,265.0,2,287.05,4,4,5,13,High Value
15775,266.0,2,150.5,4,4,5,13,High Value
14747,270.0,1,328.2,4,5,4,13,High Value
18185,270.0,1,304.25,4,5,4,13,High Value
13060,275.0,1,307.53,4,5,4,13,High Value
16063,281.0,1,335.32,4,5,4,13,High Value
16721,283.0,1,292.47,4,5,4,13,High Value
16427,284.0,2,241.06,4,4,5,13,High Value
15445,285.0,2,284.5,4,4,5,13,High Value
14633,287.0,1,344.9,4,5,4,13,High Value
13216,288.0,1,333.74,4,5,4,13,High Value
16297,290.0,1,301.9,4,5,4,13,High Value
15047,291.0,1,343.62,4,5,4,13,High Value
13708,292.0,1,296.88,4,5,4,13,High Value
15308,295.0,1,310.47,4,5,4,13,High Value
12881,297.0,1,298.0,4,5,4,13,High Value
14012,298.0,1,328.8,4,5,4,13,High Value
12614,299.0,1,315.6,4,5,4,13,High Value
15087,303.0,1,306.94,4,5,4,13,High Value
14483,303.0,2,257.1,4,4,5,13,High Value
12834,304.0,1,312.38,4,5,4,13,High Value
13751,309.0,1,296.25,4,5,4,13,High Value
15543,309.0,2,242.84,4,4,5,13,High Value
13932,315.0,1,307.4,4,5,4,13,High Value
12852,316.0,1,311.55,4,5,4,13,High Value
15236,320.0,1,321.05,4,5,4,13,High Value
16897,320.0,2,289.78,4,4,5,13,High Value
16405,323.0,2,167.25,4,4,5,13,High Value
16425,323.0,1,302.7,4,5,4,13,High Value
13581,330.0,2,280.53,4,4,5,13,High Value
16030,331.0,1,331.24,4,5,4,13,High Value
12350,331.0,1,334.4,4,5,4,13,High Value
18250,331.0,1,349.27,4,5,4,13,High Value
13494,333.0,1,316.26,4,5,4,13,High Value
16757,340.0,2,270.48,4,4,5,13,High Value
13551,340.0,2,244.2,4,4,5,13,High Value
17569,353.0,1,344.14,4,5,4,13,High Value
13144,354.0,2,135.35,4,4,5,13,High Value
16850,355.0,1,332.41,4,5,4,13,High Value
12489,357.0,1,334.93,4,5,4,13,High Value
13033,378.0,2,220.55,4,4,5,13,High Value
15204,378.0,1,316.58,4,5,4,13,High Value
17551,380.0,1,306.84,4,5,4,13,High Value
15503,384.0,2,267.15,4,4,5,13,High Value
18269,387.0,1,337.2,4,5,4,13,High Value
12441,388.0,1,347.1,4,5,4,13,High Value
12738,393.0,1,310.7,4,5,4,13,High Value
13747,395.0,2,249.4,4,4,5,13,High Value
17170,395.0,2,178.68,4,4,5,13,High Value
12351,396.0,1,300.93,4,5,4,13,High Value
16194,396.0,1,308.6,4,5,4,13,High Value
14119,397.0,2,183.37,4,4,5,13,High Value
12996,397.0,1,355.5,4,5,4,13,High Value
17607,397.0,1,333.81,4,5,4,13,High Value
15914,399.0,2,205.99,4,4,5,13,High Value
15936,400.0,2,282.79,4,4,5,13,High Value
13843,402.0,1,319.75,4,5,4,13,High Value
14252,402.0,1,350.99,4,5,4,13,High Value
16252,404.0,1,295.09,4,5,4,13,High Value
13550,404.0,1,349.51,4,5,4,13,High Value
12807,404.0,1,330.35,4,5,4,13,High Value
13275,404.0,2,241.66,4,4,5,13,High Value
16089,407.0,2,271.44,4,4,5,13,High Value
14614,407.0,1,295.13,4,5,4,13,High Value
14192,409.0,1,293.74,4,5,4,13,High Value
13582,411.0,2,241.68,4,4,5,13,High Value
15726,411.0,1,321.91,4,5,4,13,High Value
17497,411.0,2,287.25,4,4,5,13,High Value
18063,412.0,2,186.6,4,4,5,13,High Value
15566,413.0,2,227.87,4,4,5,13,High Value
17688,415.0,1,304.2,4,5,4,13,High Value
15001,415.0,2,230.86,4,4,5,13,High Value
14610,417.0,2,24.35,4,4,5,13,High Value
16381,417.0,2,258.7,4,4,5,13,High Value
14927,417.0,1,308.2,4,5,4,13,High Value
14203,418.0,1,339.34,4,5,4,13,High Value
15560,419.0,2,153.52,4,4,5,13,High Value
13660,421.0,1,314.59,4,5,4,13,High Value
14363,423.0,2,227.47,4,4,5,13,High Value
17121,424.0,1,314.74,4,5,4,13,High Value
14617,424.0,2,190.47,4,4,5,13,High Value
14777,424.0,1,307.56,4,5,4,13,High Value
14848,425.0,1,310.56,4,5,4,13,High Value
17821,427.0,1,334.62,4,5,4,13,High Value
17741,428.0,2,101.1,4,4,5,13,High Value
14303,428.0,2,277.94,4,4,5,13,High Value
17327,431.0,2,152.35,4,4,5,13,High Value
12411,431.0,1,346.9,4,5,4,13,High Value
13733,431.0,2,487.03,5,4,4,13,High Value
17393,432.0,2,381.15,5,4,4,13,High Value
14197,432.0,1,390.05,5,4,4,13,High Value
14181,432.0,2,310.55,5,4,4,13,High Value
15337,432.0,1,373.02,5,4,4,13,High Value
13977,432.0,1,519.81,5,4,4,13,High Value
13073,432.0,2,418.08,5,4,4,13,High Value
13574,432.0,1,421.25,5,4,4,13,High Value
17407,433.0,1,552.9,5,4,4,13,High Value
12973,435.0,1,385.55,5,4,4,13,High Value
12899,435.0,1,366.4,5,4,4,13,High Value
16310,435.0,2,460.08,5,4,4,13,High Value
18243,435.0,1,515.78,5,4,4,13,High Value
13374,436.0,2,422.8,5,4,4,13,High Value
14940,439.0,2,531.49,5,4,4,13,High Value
16069,439.0,1,457.7,5,4,4,13,High Value
14877,439.0,2,437.0,5,4,4,13,High Value
16576,441.0,2,540.87,5,4,4,13,High Value
17687,441.0,1,432.68,5,4,4,13,High Value
14168,442.0,2,370.45,5,4,4,13,High Value
17823,442.0,2,494.25,5,4,4,13,High Value
14296,442.0,2,456.4,5,4,4,13,High Value
17717,442.0,1,376.92,5,4,4,13,High Value
17182,444.0,2,321.3,5,4,4,13,High Value
17104,444.0,1,474.03,5,4,4,13,High Value
16039,445.0,2,456.4,5,4,4,13,High Value
14319,445.0,1,494.85,5,4,4,13,High Value
15418,446.0,2,452.32,5,4,4,13,High Value
17518,446.0,2,329.42,5,4,4,13,High Value
14846,448.0,1,437.4,5,4,4,13,High Value
13406,448.0,2,568.92,5,4,4,13,High Value
15080,449.0,2,546.25,5,4,4,13,High Value
16111,449.0,1,562.48,5,4,4,13,High Value
16166,449.0,2,435.83,5,4,4,13,High Value
14118,450.0,1,458.45,5,4,4,13,High Value
14663,451.0,2,490.6,5,4,4,13,High Value
18244,452.0,2,568.64,5,4,4,13,High Value
18284,453.0,1,461.68,5,4,4,13,High Value
13367,453.0,1,510.2,5,4,4,13,High Value
16799,453.0,2,495.98,5,4,4,13,High Value
14008,453.0,1,509.04,5,4,4,13,High Value
15859,453.0,1,438.46,5,4,4,13,High Value
14310,453.0,1,492.1,5,4,4,13,High Value
14254,454.0,1,601.03,5,4,4,13,High Value
15196,454.0,2,316.25,5,4,4,13,High Value
16864,455.0,2,409.25,5,4,4,13,High Value
14742,456.0,1,579.85,5,4,4,13,High Value
13966,456.0,1,390.86,5,4,4,13,High Value
16522,457.0,2,433.36,5,4,4,13,High Value
16783,458.0,1,391.95,5,4,4,13,High Value
18049,458.0,2,556.52,5,4,4,13,High Value
14328,459.0,1,445.05,5,4,4,13,High Value
16675,462.0,2,608.86,5,4,4,13,High Value
14611,465.0,2,604.33,5,4,4,13,High Value
16524,467.0,2,308.14,5,4,4,13,High Value
18089,468.0,1,428.45,5,4,4,13,High Value
12554,469.0,1,468.5,5,4,4,13,High Value
15362,470.0,2,613.08,5,4,4,13,High Value
13424,471.0,1,572.77,5,4,4,13,High Value
15966,472.0,1,426.53,5,4,4,13,High Value
16815,475.0,2,410.97,5,4,4,13,High Value
16095,477.0,1,447.05,5,4,4,13,High Value
15627,478.0,2,566.9,5,4,4,13,High Value
12777,479.0,1,519.45,5,4,4,13,High Value
12819,479.0,1,540.52,5,4,4,13,High Value
12859,479.0,1,575.1,5,4,4,13,High Value
15461,481.0,2,429.7,5,4,4,13,High Value
16100,484.0,1,582.64,5,4,4,13,High Value
14058,484.0,2,469.19,5,4,4,13,High Value
13472,485.0,2,592.24,5,4,4,13,High Value
12898,485.0,2,310.96,5,4,4,13,High Value
13399,485.0,3,275.4,5,3,5,13,High Value
12804,487.0,2,327.02,5,4,4,13,High Value
17792,488.0,2,370.05,5,4,4,13,High Value
17270,490.0,2,604.4,5,4,4,13,High Value
16870,490.0,1,450.16,5,4,4,13,High Value
13024,492.0,2,555.87,5,4,4,13,High Value
13123,494.0,2,506.75,5,4,4,13,High Value
18140,495.0,1,536.41,5,4,4,13,High Value
14767,495.0,1,382.81,5,4,4,13,High Value
16890,498.0,3,285.41,5,3,5,13,High Value
17699,498.0,2,442.0,5,4,4,13,High Value
16286,498.0,2,328.95,5,4,4,13,High Value
17745,498.0,2,600.34,5,4,4,13,High Value
14531,501.0,1,376.34,5,4,4,13,High Value
14011,501.0,2,457.82,5,4,4,13,High Value
15008,501.0,2,360.0,5,4,4,13,High Value
14097,502.0,2,422.86,5,4,4,13,High Value
14996,502.0,2,442.29,5,4,4,13,High Value
12542,505.0,2,481.88,5,4,4,13,High Value
14736,506.0,2,401.08,5,4,4,13,High Value
16632,507.0,2,406.4,5,4,4,13,High Value
14575,509.0,1,460.71,5,4,4,13,High Value
14043,512.0,2,304.25,5,4,4,13,High Value
17156,513.0,1,591.87,5,4,4,13,High Value
15387,513.0,1,468.65,5,4,4,13,High Value
14253,514.0,2,363.4,5,4,4,13,High Value
17665,514.0,1,563.1,5,4,4,13,High Value
13679,514.0,3,281.26,5,3,5,13,High Value
15200,516.0,1,549.05,5,4,4,13,High Value
17168,519.0,1,400.2,5,4,4,13,High Value
18264,520.0,1,603.25,5,4,4,13,High Value
18207,520.0,1,544.47,5,4,4,13,High Value
17773,535.0,2,585.27,5,4,4,13,High Value
12825,542.0,2,518.63,5,4,4,13,High Value
15650,543.0,2,553.88,5,4,4,13,High Value
16974,544.0,2,365.5,5,4,4,13,High Value
14835,550.0,2,297.0,5,4,4,13,High Value
12741,550.0,2,406.07,5,4,4,13,High Value
17437,551.0,1,373.17,5,4,4,13,High Value
15102,551.0,2,554.67,5,4,4,13,High Value
17099,554.0,1,582.17,5,4,4,13,High Value
12810,556.0,2,534.99,5,4,4,13,High Value
12634,557.0,2,490.0,5,4,4,13,High Value
15126,557.0,2,449.49,5,4,4,13,High Value
18128,558.0,1,420.04,5,4,4,13,High Value
14919,560.0,1,359.35,5,4,4,13,High Value
16492,562.0,1,385.56,5,4,4,13,High Value
15684,568.0,3,173.95,5,3,5,13,High Value
17808,570.0,4,262.64,5,3,5,13,High Value
18100,571.0,1,451.56,5,4,4,13,High Value
15956,572.0,2,617.6,5,4,4,13,High Value
12677,576.0,2,395.1,5,4,4,13,High Value
15711,577.0,2,420.25,5,4,4,13,High Value
12943,579.0,2,496.5,5,4,4,13,High Value
17617,579.0,1,395.33,5,4,4,13,High Value
12499,581.0,1,393.72,5,4,4,13,High Value
15878,582.0,2,330.77,5,4,4,13,High Value
16844,584.0,2,614.34,5,4,4,13,High Value
16604,584.0,2,432.45,5,4,4,13,High Value
15217,584.0,1,426.24,5,4,4,13,High Value
14010,586.0,2,445.15,5,4,4,13,High Value
18208,587.0,1,360.08,5,4,4,13,High Value
13164,590.0,2,372.2,5,4,4,13,High Value
13432,592.0,2,439.1,5,4,4,13,High Value
16922,594.0,1,611.08,5,4,4,13,High Value
17016,597.0,1,552.4,5,4,4,13,High Value
13834,598.0,2,324.19,5,4,4,13,High Value
17563,599.0,2,392.38,5,4,4,13,High Value
14678,600.0,1,403.39,5,4,4,13,High Value
14826,603.0,2,385.2,5,4,4,13,High Value
15591,604.0,3,217.9,5,3,5,13,High Value
13143,605.0,1,405.1,5,4,4,13,High Value
18111,610.0,1,405.85,5,4,4,13,High Value
14471,612.0,2,400.95,5,4,4,13,High Value
17185,612.0,3,229.46,5,3,5,13,High Value
18091,614.0,1,360.85,5,4,4,13,High Value
16585,615.0,2,341.59,5,4,4,13,High Value
17729,617.0,1,438.65,5,4,4,13,High Value
13698,618.0,2,465.53,5,4,4,13,High Value
18134,619.0,2,445.0,5,4,4,13,High Value
12983,619.0,1,490.08,5,4,4,13,High Value
15682,620.0,2,318.24,5,4,4,13,High Value
17842,623.0,1,430.69,5,4,4,13,High Value
15354,624.0,3,284.4,5,3,5,13,High Value
12459,626.0,1,454.36,5,4,4,13,High Value
13197,631.0,1,373.01,5,4,4,13,High Value
15613,631.0,1,433.72,5,4,4,13,High Value
13640,632.0,1,405.0,5,4,4,13,High Value
14990,633.0,2,305.42,5,4,4,13,High Value
14200,638.0,1,379.2,5,4,4,13,High Value
13179,640.0,1,572.31,5,4,4,13,High Value
14706,640.0,1,390.69,5,4,4,13,High Value
15029,640.0,1,365.1,5,4,4,13,High Value
13412,641.0,1,487.35,5,4,4,13,High Value
14771,642.0,2,594.62,5,4,4,13,High Value
13896,647.0,1,388.55,5,4,4,13,High Value
12796,649.0,1,381.0,5,4,4,13,High Value
17285,649.0,2,428.34,5,4,4,13,High Value
16452,651.0,2,332.17,5,4,4,13,High Value
17479,654.0,1,389.26,5,4,4,13,High Value
17568,654.0,1,382.79,5,4,4,13,High Value
12366,655.0,1,500.24,5,4,4,13,High Value
13530,655.0,1,402.98,5,4,4,13,High Value
13688,656.0,1,375.5,5,4,4,13,High Value
15941,658.0,1,405.0,5,4,4,13,High Value
14369,663.0,2,469.13,5,4,4,13,High Value
18029,663.0,1,433.77,5,4,4,13,High Value
15631,663.0,1,596.67,5,4,4,13,High Value
15929,665.0,1,594.0,5,4,4,13,High Value
14018,666.0,1,367.15,5,4,4,13,High Value
17577,666.0,2,348.75,5,4,4,13,High Value
13879,667.0,1,395.5,5,4,4,13,High Value
18152,667.0,1,426.69,5,4,4,13,High Value
17116,669.0,1,389.78,5,4,4,13,High Value
16273,669.0,2,336.04,5,4,4,13,High Value
15477,671.0,1,368.4,5,4,4,13,High Value
17195,676.0,1,562.98,5,4,4,13,High Value
14244,682.0,1,366.42,5,4,4,13,High Value
18285,682.0,1,427.0,5,4,4,13,High Value
17662,683.0,2,412.92,5,4,4,13,High Value
14072,687.0,1,390.85,5,4,4,13,High Value
15765,688.0,1,370.63,5,4,4,13,High Value
16577,688.0,1,380.0,5,4,4,13,High Value
17810,690.0,2,374.81,5,4,4,13,High Value
17294,690.0,2,467.79,5,4,4,13,High Value
13234,694.0,2,356.95,5,4,4,13,High Value
13553,695.0,1,517.8,5,4,4,13,High Value
15588,698.0,1,579.6,5,4,4,13,High Value
16802,700.0,2,582.61,5,4,4,13,High Value
16137,701.0,1,422.7,5,4,4,13,High Value
16481,703.0,1,453.38,5,4,4,13,High Value
16304,716.0,1,381.66,5,4,4,13,High Value
17103,743.0,1,424.3,5,4,4,13,High Value
18201,744.0,1,447.53,5,4,4,13,High Value
12941,745.0,1,377.49,5,4,4,13,High Value
17012,746.0,1,384.16,5,4,4,13,High Value
14042,746.0,1,431.98,5,4,4,13,High Value
12979,750.0,1,517.7,5,4,4,13,High Value
17178,752.0,1,436.71,5,4,4,13,High Value
12443,753.0,1,485.31,5,4,4,13,High Value
18162,753.0,1,379.16,5,4,4,13,High Value
14123,754.0,1,436.18,5,4,4,13,High Value
16541,756.0,1,424.03,5,4,4,13,High Value
14979,756.0,1,439.46,5,4,4,13,High Value
14881,41.0,1,255.4,2,5,5,12,High Value
12702,41.0,1,219.0,2,5,5,12,High Value
17650,42.0,1,166.08,2,5,5,12,High Value
17904,42.0,1,191.67,2,5,5,12,High Value
12618,43.0,1,177.31,2,5,5,12,High Value
14641,43.0,1,110.46,2,5,5,12,High Value
15435,43.0,1,149.29,2,5,5,12,High Value
13828,43.0,1,209.49,2,5,5,12,High Value
14362,43.0,1,161.2,2,5,5,12,High Value
13160,43.0,1,91.8,2,5,5,12,High Value
15657,43.0,1,30.0,2,5,5,12,High Value
17896,44.0,1,256.32,2,5,5,12,High Value
13926,44.0,1,223.85,2,5,5,12,High Value
15556,45.0,1,279.77,2,5,5,12,High Value
17153,45.0,1,213.78,2,5,5,12,High Value
14666,45.0,1,195.25,2,5,5,12,High Value
15758,46.0,1,205.25,2,5,5,12,High Value
15419,46.0,1,135.86,2,5,5,12,High Value
17538,46.0,1,98.42,2,5,5,12,High Value
15168,47.0,1,106.56,2,5,5,12,High Value
12938,47.0,1,114.14,2,5,5,12,High Value
13603,47.0,1,164.34,2,5,5,12,High Value
13146,47.0,1,228.91,2,5,5,12,High Value
13170,47.0,1,116.01,2,5,5,12,High Value
14661,48.0,1,107.95,2,5,5,12,High Value
18014,49.0,1,166.42,2,5,5,12,High Value
15692,49.0,1,191.04,2,5,5,12,High Value
18209,49.0,1,139.1,2,5,5,12,High Value
14789,50.0,1,197.64,2,5,5,12,High Value
14863,50.0,1,266.76,2,5,5,12,High Value
15463,50.0,1,126.14,2,5,5,12,High Value
17791,50.0,1,106.1,2,5,5,12,High Value
12659,51.0,1,91.68,2,5,5,12,High Value
18274,51.0,1,175.92,2,5,5,12,High Value
16953,51.0,1,20.8,2,5,5,12,High Value
13522,51.0,1,125.8,2,5,5,12,High Value
16516,51.0,1,101.7,2,5,5,12,High Value
12893,51.0,1,188.14,2,5,5,12,High Value
14073,53.0,1,151.04,2,5,5,12,High Value
17831,54.0,1,35.4,2,5,5,12,High Value
14174,54.0,1,134.46,2,5,5,12,High Value
13532,54.0,1,210.31,2,5,5,12,High Value
15017,55.0,1,125.58,2,5,5,12,High Value
13938,56.0,1,71.66,2,5,5,12,High Value
16914,57.0,1,208.46,2,5,5,12,High Value
14098,58.0,1,147.35,2,5,5,12,High Value
16337,58.0,1,151.05,2,5,5,12,High Value
13271,58.0,1,217.38,2,5,5,12,High Value
17947,58.0,1,176.68,2,5,5,12,High Value
14974,58.0,1,114.39,2,5,5,12,High Value
18105,58.0,1,113.48,2,5,5,12,High Value
14485,59.0,1,165.75,2,5,5,12,High Value
14345,60.0,1,108.98,2,5,5,12,High Value
13697,60.0,1,151.3,2,5,5,12,High Value
12581,61.0,1,197.71,2,5,5,12,High Value
14582,62.0,1,114.11,2,5,5,12,High Value
15096,64.0,1,219.39,2,5,5,12,High Value
14218,64.0,1,169.48,2,5,5,12,High Value
14357,64.0,1,225.77,2,5,5,12,High Value
12430,64.0,1,256.4,2,5,5,12,High Value
16026,64.0,1,236.09,2,5,5,12,High Value
17684,65.0,1,239.41,2,5,5,12,High Value
17895,65.0,1,98.0,2,5,5,12,High Value
15320,65.0,1,267.13,2,5,5,12,High Value
12812,66.0,1,229.64,2,5,5,12,High Value
13182,66.0,1,121.18,2,5,5,12,High Value
18045,66.0,1,189.4,2,5,5,12,High Value
15844,67.0,1,130.74,2,5,5,12,High Value
14764,68.0,1,278.3,2,5,5,12,High Value
17836,68.0,1,110.21,2,5,5,12,High Value
15740,70.0,1,154.88,2,5,5,12,High Value
17832,71.0,1,155.37,2,5,5,12,High Value
15286,71.0,1,240.55,2,5,5,12,High Value
15836,71.0,1,137.37,2,5,5,12,High Value
17125,71.0,1,259.35,2,5,5,12,High Value
13366,71.0,1,56.16,2,5,5,12,High Value
18019,72.0,1,38.45,2,5,5,12,High Value
15853,73.0,1,110.8,2,5,5,12,High Value
15610,73.0,1,112.46,2,5,5,12,High Value
17148,73.0,1,124.88,2,5,5,12,High Value
15604,73.0,1,216.39,2,5,5,12,High Value
15327,74.0,1,208.75,2,5,5,12,High Value
14830,74.0,1,197.13,2,5,5,12,High Value
16363,74.0,1,109.36,2,5,5,12,High Value
17206,74.0,1,204.24,2,5,5,12,High Value
15335,74.0,1,173.97,2,5,5,12,High Value
17986,77.0,1,20.8,2,5,5,12,High Value
13006,77.0,1,81.57,2,5,5,12,High Value
14089,78.0,1,161.0,2,5,5,12,High Value
13858,78.0,1,216.17,2,5,5,12,High Value
16793,78.0,1,243.84,2,5,5,12,High Value
17279,79.0,1,187.83,2,5,5,12,High Value
16753,79.0,1,223.92,2,5,5,12,High Value
12602,80.0,1,153.12,2,5,5,12,High Value
14642,80.0,1,96.12,2,5,5,12,High Value
13504,85.0,1,295.93,3,5,4,12,High Value
13845,86.0,1,312.98,3,5,4,12,High Value
16803,86.0,1,332.3,3,5,4,12,High Value
12512,87.0,2,138.03,3,4,5,12,High Value
13801,88.0,1,324.8,3,5,4,12,High Value
15185,91.0,1,310.62,3,5,4,12,High Value
13347,91.0,1,341.36,3,5,4,12,High Value
13972,92.0,2,190.25,3,4,5,12,High Value
16181,94.0,1,305.54,3,5,4,12,High Value
14473,95.0,2,234.34,3,4,5,12,High Value
16778,95.0,2,245.94,3,4,5,12,High Value
13670,96.0,1,349.7,3,5,4,12,High Value
17154,96.0,1,329.34,3,5,4,12,High Value
17506,97.0,1,302.2,3,5,4,12,High Value
15603,100.0,2,88.48,3,4,5,12,High Value
14951,100.0,1,311.69,3,5,4,12,High Value
16627,100.0,1,322.8,3,5,4,12,High Value
12604,100.0,2,254.18,3,4,5,12,High Value
13228,102.0,1,358.0,3,5,4,12,High Value
13774,102.0,1,345.0,3,5,4,12,High Value
17786,106.0,2,278.74,3,4,5,12,High Value
12566,107.0,1,351.65,3,5,4,12,High Value
14660,108.0,2,285.74,3,4,5,12,High Value
12884,109.0,1,309.05,3,5,4,12,High Value
16796,110.0,1,305.62,3,5,4,12,High Value
16828,114.0,2,128.5,3,4,5,12,High Value
13210,115.0,1,353.48,3,5,4,12,High Value
12851,117.0,2,284.13,3,4,5,12,High Value
16761,118.0,1,316.62,3,5,4,12,High Value
14436,120.0,2,271.7,3,4,5,12,High Value
16808,120.0,2,288.42,3,4,5,12,High Value
13470,120.0,2,165.0,3,4,5,12,High Value
12715,127.0,1,353.86,3,5,4,12,High Value
14314,128.0,2,229.8,3,4,5,12,High Value
14196,128.0,1,335.52,3,5,4,12,High Value
16582,134.0,1,313.62,3,5,4,12,High Value
14972,149.0,2,145.07,3,4,5,12,High Value
15942,155.0,1,337.44,3,5,4,12,High Value
18146,161.0,2,160.35,3,4,5,12,High Value
13967,166.0,2,166.3,3,4,5,12,High Value
15256,170.0,2,170.4,3,4,5,12,High Value
13667,170.0,1,305.02,3,5,4,12,High Value
13420,171.0,2,159.85,3,4,5,12,High Value
13302,176.0,2,159.2,3,4,5,12,High Value
18013,176.0,2,187.29,3,4,5,12,High Value
17781,180.0,2,188.02,3,4,5,12,High Value
16498,182.0,2,100.97,3,4,5,12,High Value
15130,191.0,1,330.11,3,5,4,12,High Value
14162,195.0,2,289.36,3,4,5,12,High Value
17446,198.0,2,120.9,3,4,5,12,High Value
18165,198.0,1,302.46,3,5,4,12,High Value
13343,198.0,1,353.43,3,5,4,12,High Value
18281,202.0,2,201.14,3,4,5,12,High Value
14501,204.0,2,251.21,3,4,5,12,High Value
15609,205.0,1,298.48,3,5,4,12,High Value
14622,205.0,1,320.58,3,5,4,12,High Value
17124,206.0,1,298.89,3,5,4,12,High Value
16230,211.0,2,542.03,4,4,4,12,High Value
16424,212.0,2,443.06,4,4,4,12,High Value
14377,212.0,2,617.05,4,4,4,12,High Value
12790,213.0,2,591.85,4,4,4,12,High Value
16323,217.0,2,353.66,4,4,4,12,High Value
12974,219.0,2,408.95,4,4,4,12,High Value
16448,219.0,2,367.87,4,4,4,12,High Value
14985,219.0,2,296.75,4,4,4,12,High Value
15042,220.0,2,315.45,4,4,4,12,High Value
17715,221.0,2,489.6,4,4,4,12,High Value
14647,222.0,2,519.97,4,4,4,12,High Value
12353,225.0,2,406.76,4,4,4,12,High Value
17245,226.0,2,371.63,4,4,4,12,High Value
14620,227.0,2,412.78,4,4,4,12,High Value
17556,227.0,2,300.67,4,4,4,12,High Value
12690,227.0,1,389.01,4,4,4,12,High Value
14888,228.0,1,369.2,4,4,4,12,High Value
17970,232.0,1,582.59,4,4,4,12,High Value
16006,232.0,2,347.17,4,4,4,12,High Value
16116,232.0,1,612.78,4,4,4,12,High Value
15729,233.0,3,192.55,4,3,5,12,High Value
15063,234.0,1,370.8,4,4,4,12,High Value
14288,234.0,1,426.6,4,4,4,12,High Value
15433,235.0,2,533.3,4,4,4,12,High Value
12888,235.0,2,354.12,4,4,4,12,High Value
18227,238.0,2,388.75,4,4,4,12,High Value
16319,239.0,1,404.4,4,4,4,12,High Value
16990,240.0,2,344.0,4,4,4,12,High Value
13731,240.0,2,610.59,4,4,4,12,High Value
17443,241.0,1,534.24,4,4,4,12,High Value
14149,242.0,1,446.62,4,4,4,12,High Value
15143,246.0,2,563.63,4,4,4,12,High Value
17187,247.0,2,467.71,4,4,4,12,High Value
15891,247.0,1,524.52,4,4,4,12,High Value
13482,253.0,2,336.09,4,4,4,12,High Value
17718,253.0,2,439.18,4,4,4,12,High Value
14148,254.0,2,466.29,4,4,4,12,High Value
15225,255.0,1,409.4,4,4,4,12,High Value
16217,256.0,2,304.25,4,4,4,12,High Value
15135,260.0,2,305.68,4,4,4,12,High Value
17601,260.0,2,421.48,4,4,4,12,High Value
15230,260.0,2,429.6,4,4,4,12,High Value
16957,260.0,2,416.64,4,4,4,12,High Value
15935,260.0,2,416.86,4,4,4,12,High Value
14311,264.0,2,516.45,4,4,4,12,High Value
16552,264.0,2,475.02,4,4,4,12,High Value
15655,264.0,1,560.67,4,4,4,12,High Value
12447,264.0,1,476.49,4,4,4,12,High Value
14981,267.0,2,372.92,4,4,4,12,High Value
13718,267.0,2,306.55,4,4,4,12,High Value
17140,268.0,1,465.32,4,4,4,12,High Value
15442,269.0,1,594.0,4,4,4,12,High Value
16142,271.0,1,535.34,4,4,4,12,High Value
17701,273.0,1,417.95,4,4,4,12,High Value
14886,274.0,1,364.8,4,4,4,12,High Value
14957,274.0,2,333.29,4,4,4,12,High Value
15894,274.0,2,420.29,4,4,4,12,High Value
14348,281.0,1,409.57,4,4,4,12,High Value
12564,282.0,1,456.9,4,4,4,12,High Value
17486,282.0,1,396.87,4,4,4,12,High Value
18191,282.0,2,529.4,4,4,4,12,High Value
17507,283.0,2,605.58,4,4,4,12,High Value
15437,283.0,2,393.45,4,4,4,12,High Value
17763,284.0,4,86.15,4,3,5,12,High Value
17678,285.0,2,599.76,4,4,4,12,High Value
14762,285.0,2,417.57,4,4,4,12,High Value
16402,285.0,2,511.4,4,4,4,12,High Value
14840,289.0,2,362.71,4,4,4,12,High Value
13358,290.0,1,439.03,4,4,4,12,High Value
13043,294.0,1,516.42,4,4,4,12,High Value
13226,294.0,2,312.46,4,4,4,12,High Value
13133,295.0,3,200.45,4,3,5,12,High Value
18280,299.0,2,488.15,4,4,4,12,High Value
17789,302.0,2,397.15,4,4,4,12,High Value
15709,305.0,2,327.85,4,4,4,12,High Value
16078,305.0,2,362.99,4,4,4,12,High Value
13345,309.0,1,389.5,4,4,4,12,High Value
18056,309.0,2,554.6,4,4,4,12,High Value
17171,310.0,2,384.59,4,4,4,12,High Value
12707,313.0,1,603.42,4,4,4,12,High Value
12988,313.0,1,535.32,4,4,4,12,High Value
16765,315.0,2,454.75,4,4,4,12,High Value
16148,317.0,2,386.62,4,4,4,12,High Value
15670,318.0,2,325.2,4,4,4,12,High Value
16509,318.0,1,363.7,4,4,4,12,High Value
16084,320.0,1,436.18,4,4,4,12,High Value
18159,322.0,1,530.15,4,4,4,12,High Value
17843,324.0,2,326.23,4,4,4,12,High Value
15090,329.0,1,381.32,4,4,4,12,High Value
17291,329.0,1,550.8,4,4,4,12,High Value
12559,332.0,2,561.71,4,4,4,12,High Value
13600,333.0,2,518.42,4,4,4,12,High Value
17431,334.0,1,403.3,4,4,4,12,High Value
15415,334.0,1,572.81,4,4,4,12,High Value
13161,334.0,2,478.88,4,4,4,12,High Value
13703,339.0,2,425.56,4,4,4,12,High Value
15213,339.0,2,328.35,4,4,4,12,High Value
17094,343.0,2,402.2,4,4,4,12,High Value
17890,344.0,2,602.09,4,4,4,12,High Value
15174,344.0,2,481.46,4,4,4,12,High Value
18233,347.0,1,440.0,4,4,4,12,High Value
18212,347.0,2,546.72,4,4,4,12,High Value
13859,347.0,2,515.86,4,4,4,12,High Value
13385,351.0,1,534.57,4,4,4,12,High Value
12672,351.0,2,437.05,4,4,4,12,High Value
16315,352.0,2,402.71,4,4,4,12,High Value
14270,353.0,1,492.65,4,4,4,12,High Value
12515,374.0,1,383.7,4,4,4,12,High Value
18176,379.0,1,476.35,4,4,4,12,High Value
18050,380.0,2,412.06,4,4,4,12,High Value
15454,383.0,2,307.69,4,4,4,12,High Value
14082,386.0,2,413.36,4,4,4,12,High Value
13369,387.0,1,616.56,4,4,4,12,High Value
16893,387.0,2,401.77,4,4,4,12,High Value
18119,389.0,1,362.24,4,4,4,12,High Value
17967,393.0,2,357.29,4,4,4,12,High Value
16752,393.0,1,415.0,4,4,4,12,High Value
17925,394.0,1,488.16,4,4,4,12,High Value
17855,394.0,1,417.94,4,4,4,12,High Value
18011,394.0,2,527.03,4,4,4,12,High Value
17643,394.0,2,541.25,4,4,4,12,High Value
16583,394.0,2,531.4,4,4,4,12,High Value
13010,395.0,2,330.12,4,4,4,12,High Value
16355,396.0,1,416.35,4,4,4,12,High Value
15989,396.0,2,372.51,4,4,4,12,High Value
18002,397.0,4,249.92,4,3,5,12,High Value
14986,397.0,2,566.9,4,4,4,12,High Value
18003,397.0,1,358.61,4,4,4,12,High Value
15037,397.0,2,402.51,4,4,4,12,High Value
18031,400.0,1,462.1,4,4,4,12,High Value
14627,400.0,1,462.75,4,4,4,12,High Value
15961,400.0,1,451.29,4,4,4,12,High Value
17882,400.0,2,313.46,4,4,4,12,High Value
15728,401.0,2,544.6,4,4,4,12,High Value
16489,401.0,2,303.7,4,4,4,12,High Value
17598,402.0,1,409.98,4,4,4,12,High Value
16001,402.0,1,583.39,4,4,4,12,High Value
16437,402.0,2,301.25,4,4,4,12,High Value
13181,402.0,1,359.69,4,4,4,12,High Value
17766,402.0,2,299.61,4,4,4,12,High Value
18047,402.0,2,342.69,4,4,4,12,High Value
14926,403.0,2,359.4,4,4,4,12,High Value
16373,403.0,2,309.49,4,4,4,12,High Value
15169,403.0,2,569.22,4,4,4,12,High Value
13086,404.0,1,439.33,4,4,4,12,High Value
15519,404.0,2,344.61,4,4,4,12,High Value
15155,404.0,1,383.97,4,4,4,12,High Value
17335,405.0,2,508.0,4,4,4,12,High Value
17269,407.0,1,537.46,4,4,4,12,High Value
12419,407.0,2,503.01,4,4,4,12,High Value
17776,407.0,2,338.56,4,4,4,12,High Value
13605,408.0,2,522.67,4,4,4,12,High Value
13964,408.0,2,438.9,4,4,4,12,High Value
14417,409.0,1,604.2,4,4,4,12,High Value
13624,409.0,1,462.08,4,4,4,12,High Value
17689,409.0,2,317.08,4,4,4,12,High Value
15968,409.0,1,418.05,4,4,4,12,High Value
14358,410.0,2,400.06,4,4,4,12,High Value
17106,410.0,1,491.23,4,4,4,12,High Value
12376,410.0,2,503.15,4,4,4,12,High Value
15283,411.0,3,148.33,4,3,5,12,High Value
14599,411.0,2,474.54,4,4,4,12,High Value
14807,411.0,2,519.29,4,4,4,12,High Value
13545,412.0,2,374.64,4,4,4,12,High Value
17300,412.0,2,393.64,4,4,4,12,High Value
13961,413.0,1,538.4,4,4,4,12,High Value
17815,414.0,1,591.96,4,4,4,12,High Value
15842,414.0,2,548.8,4,4,4,12,High Value
15138,415.0,1,502.52,4,4,4,12,High Value
13252,415.0,2,399.3,4,4,4,12,High Value
17903,415.0,1,381.09,4,4,4,12,High Value
13096,415.0,1,419.7,4,4,4,12,High Value
16021,416.0,2,532.25,4,4,4,12,High Value
12907,416.0,2,508.91,4,4,4,12,High Value
15011,417.0,2,416.6,4,4,4,12,High Value
17476,417.0,2,489.86,4,4,4,12,High Value
18098,417.0,1,550.84,4,4,4,12,High Value
13738,417.0,1,440.93,4,4,4,12,High Value
17000,417.0,2,406.3,4,4,4,12,High Value
17258,417.0,2,417.3,4,4,4,12,High Value
13773,418.0,2,301.54,4,4,4,12,High Value
18083,419.0,1,470.73,4,4,4,12,High Value
13646,420.0,2,326.25,4,4,4,12,High Value
12958,421.0,2,539.49,4,4,4,12,High Value
13597,421.0,2,396.71,4,4,4,12,High Value
16590,422.0,2,605.9,4,4,4,12,High Value
15915,423.0,1,429.21,4,4,4,12,High Value
17276,423.0,1,508.39,4,4,4,12,High Value
14429,425.0,1,516.28,4,4,4,12,High Value
16606,425.0,2,357.66,4,4,4,12,High Value
17413,425.0,2,560.14,4,4,4,12,High Value
13677,426.0,2,556.19,4,4,4,12,High Value
15501,426.0,2,402.5,4,4,4,12,High Value
12608,426.0,1,415.79,4,4,4,12,High Value
16635,428.0,1,473.0,4,4,4,12,High Value
14294,428.0,1,375.34,4,4,4,12,High Value
16382,429.0,2,353.1,4,4,4,12,High Value
17326,429.0,2,321.95,4,4,4,12,High Value
17473,430.0,2,607.0,4,4,4,12,High Value
13274,430.0,1,360.85,4,4,4,12,High Value
16785,431.0,1,533.78,4,4,4,12,High Value
15995,435.0,1,696.19,5,4,3,12,High Value
13386,435.0,2,835.46,5,4,3,12,High Value
17834,435.0,2,730.47,5,4,3,12,High Value
14612,436.0,1,877.7,5,4,3,12,High Value
13840,437.0,1,651.4,5,4,3,12,High Value
13480,438.0,2,627.82,5,4,3,12,High Value
15710,438.0,1,898.87,5,4,3,12,High Value
12699,438.0,1,638.11,5,4,3,12,High Value
13957,439.0,3,458.25,5,3,4,12,High Value
16465,442.0,2,746.24,5,4,3,12,High Value
16991,442.0,1,1041.21,5,4,3,12,High Value
14838,444.0,2,773.67,5,4,3,12,High Value
15177,446.0,1,948.93,5,4,3,12,High Value
13537,446.0,2,717.85,5,4,3,12,High Value
13541,448.0,2,785.25,5,4,3,12,High Value
13776,449.0,2,623.98,5,4,3,12,High Value
12903,449.0,1,833.53,5,4,3,12,High Value
13785,450.0,4,542.49,5,3,4,12,High Value
14322,450.0,4,474.1,5,3,4,12,High Value
14169,452.0,2,624.43,5,4,3,12,High Value
12486,452.0,1,1037.28,5,4,3,12,High Value
16472,455.0,2,789.6,5,4,3,12,High Value
15190,455.0,1,834.44,5,4,3,12,High Value
14568,456.0,1,919.7,5,4,3,12,High Value
16958,456.0,1,809.44,5,4,3,12,High Value
16269,459.0,1,717.57,5,4,3,12,High Value
16264,459.0,2,837.53,5,4,3,12,High Value
13264,463.0,1,722.56,5,4,3,12,High Value
17161,465.0,1,856.01,5,4,3,12,High Value
13998,468.0,3,566.7,5,3,4,12,High Value
12543,469.0,1,980.25,5,4,3,12,High Value
16646,470.0,1,678.8,5,4,3,12,High Value
17369,477.0,1,979.2,5,4,3,12,High Value
12575,478.0,2,622.82,5,4,3,12,High Value
12761,478.0,2,782.95,5,4,3,12,High Value
16246,480.0,2,827.25,5,4,3,12,High Value
15191,484.0,3,588.05,5,3,4,12,High Value
12788,484.0,4,444.9,5,3,4,12,High Value
17753,485.0,4,390.56,5,3,4,12,High Value
14949,490.0,4,515.0,5,3,4,12,High Value
12800,491.0,3,584.25,5,3,4,12,High Value
17005,492.0,2,742.36,5,4,3,12,High Value
14026,492.0,2,713.11,5,4,3,12,High Value
15666,493.0,2,632.94,5,4,3,12,High Value
15055,496.0,3,560.07,5,3,4,12,High Value
16234,497.0,3,333.18,5,3,4,12,High Value
13150,505.0,3,449.97,5,3,4,12,High Value
17482,508.0,2,778.19,5,4,3,12,High Value
16939,509.0,3,449.0,5,3,4,12,High Value
15908,512.0,2,764.57,5,4,3,12,High Value
15873,520.0,4,313.92,5,3,4,12,High Value
17918,522.0,3,396.39,5,3,4,12,High Value
12801,522.0,1,1071.82,5,4,3,12,High Value
14115,522.0,2,622.67,5,4,3,12,High Value
16075,524.0,2,736.93,5,4,3,12,High Value
14563,530.0,2,679.44,5,4,3,12,High Value
13997,540.0,3,382.31,5,3,4,12,High Value
16544,541.0,4,376.7,5,3,4,12,High Value
15137,542.0,2,823.4,5,4,3,12,High Value
12632,542.0,2,804.88,5,4,3,12,High Value
12730,542.0,1,829.25,5,4,3,12,High Value
12485,550.0,1,708.1,5,4,3,12,High Value
16390,558.0,3,467.5,5,3,4,12,High Value
16538,562.0,3,399.62,5,3,4,12,High Value
13190,565.0,3,570.66,5,3,4,12,High Value
16132,565.0,2,664.2,5,4,3,12,High Value
14255,567.0,1,1000.63,5,4,3,12,High Value
17845,576.0,4,598.19,5,3,4,12,High Value
15278,583.0,4,496.16,5,3,4,12,High Value
13020,584.0,2,618.96,5,4,3,12,High Value
15323,584.0,3,434.6,5,3,4,12,High Value
15559,589.0,1,1109.4,5,4,3,12,High Value
18275,599.0,2,741.85,5,4,3,12,High Value
13175,603.0,2,831.45,5,4,3,12,High Value
18163,605.0,1,728.84,5,4,3,12,High Value
12503,605.0,1,1126.0,5,4,3,12,High Value
13775,611.0,1,1049.66,5,4,3,12,High Value
17474,621.0,1,1047.0,5,4,3,12,High Value
13286,621.0,1,734.91,5,4,3,12,High Value
14172,626.0,3,402.72,5,3,4,12,High Value
12786,630.0,1,728.5,5,4,3,12,High Value
18271,631.0,2,680.85,5,4,3,12,High Value
16704,639.0,2,695.66,5,4,3,12,High Value
14809,642.0,2,686.76,5,4,3,12,High Value
12742,646.0,1,1201.52,5,4,3,12,High Value
12368,649.0,1,917.7,5,4,3,12,High Value
18187,653.0,1,724.89,5,4,3,12,High Value
13612,653.0,1,818.29,5,4,3,12,High Value
16534,663.0,1,635.9,5,4,3,12,High Value
17638,668.0,2,842.4,5,4,3,12,High Value
17209,670.0,3,611.6,5,3,4,12,High Value
13604,679.0,1,717.62,5,4,3,12,High Value
15359,684.0,8,181.35,5,2,5,12,High Value
13442,688.0,3,419.87,5,3,4,12,High Value
17780,688.0,3,352.91,5,3,4,12,High Value
15176,689.0,1,988.04,5,4,3,12,High Value
16436,689.0,3,329.34,5,3,4,12,High Value
14151,694.0,2,679.45,5,4,3,12,High Value
12396,695.0,1,931.43,5,4,3,12,High Value
15959,703.0,3,579.49,5,3,4,12,High Value
13622,717.0,1,658.95,5,4,3,12,High Value
17945,718.0,3,360.35,5,3,4,12,High Value
14969,724.0,1,906.23,5,4,3,12,High Value
17067,746.0,3,454.54,5,3,4,12,High Value
13204,752.0,1,966.66,5,4,3,12,High Value
15794,757.0,2,777.0,5,4,3,12,High Value
13436,23.0,1,196.89,1,5,5,11,Medium Value
14578,24.0,1,168.63,1,5,5,11,Medium Value
12442,24.0,1,172.06,1,5,5,11,Medium Value
16528,24.0,1,244.41,1,5,5,11,Medium Value
12367,25.0,1,168.9,1,5,5,11,Medium Value
16597,25.0,1,90.04,1,5,5,11,Medium Value
18015,25.0,1,120.03,1,5,5,11,Medium Value
13017,28.0,1,204.0,1,5,5,11,Medium Value
13560,28.0,1,174.37,1,5,5,11,Medium Value
12587,28.0,1,144.0,1,5,5,11,Medium Value
17942,29.0,1,77.5,1,5,5,11,Medium Value
12558,29.0,1,269.96,1,5,5,11,Medium Value
16789,29.0,1,80.8,1,5,5,11,Medium Value
15904,29.0,1,164.68,1,5,5,11,Medium Value
12966,30.0,1,160.18,1,5,5,11,Medium Value
14349,31.0,1,133.5,1,5,5,11,Medium Value
15790,31.0,1,220.85,1,5,5,11,Medium Value
15783,32.0,1,246.3,1,5,5,11,Medium Value
14601,32.0,1,213.96,1,5,5,11,Medium Value
13349,32.0,1,247.32,1,5,5,11,Medium Value
13188,32.0,1,114.6,1,5,5,11,Medium Value
12660,32.0,1,245.1,1,5,5,11,Medium Value
17885,33.0,1,190.19,1,5,5,11,Medium Value
14946,35.0,1,100.9,1,5,5,11,Medium Value
17385,36.0,1,261.11,1,5,5,11,Medium Value
18184,36.0,1,49.8,1,5,5,11,Medium Value
17247,36.0,1,282.19,1,5,5,11,Medium Value
16482,36.0,1,220.62,1,5,5,11,Medium Value
13638,37.0,1,122.64,1,5,5,11,Medium Value
18249,38.0,1,95.34,1,5,5,11,Medium Value
17297,38.0,1,131.78,1,5,5,11,Medium Value
13322,38.0,1,199.48,1,5,5,11,Medium Value
17600,39.0,1,161.67,1,5,5,11,Medium Value
17010,39.0,1,195.36,1,5,5,11,Medium Value
17253,39.0,1,178.26,1,5,5,11,Medium Value
12984,39.0,1,97.5,1,5,5,11,Medium Value
15567,40.0,1,186.01,1,5,5,11,Medium Value
14300,40.0,1,43.2,1,5,5,11,Medium Value
17636,40.0,1,285.56,1,5,5,11,Medium Value
14860,40.0,1,170.32,1,5,5,11,Medium Value
16506,40.0,2,90.3,2,4,5,11,Medium Value
13960,42.0,2,230.22,2,4,5,11,Medium Value
17549,45.0,2,148.86,2,4,5,11,Medium Value
13449,45.0,1,291.88,2,5,4,11,Medium Value
16557,45.0,2,281.85,2,4,5,11,Medium Value
16423,46.0,1,346.12,2,5,4,11,Medium Value
17793,46.0,1,323.04,2,5,4,11,Medium Value
18117,46.0,1,320.72,2,5,4,11,Medium Value
13460,50.0,2,183.44,2,4,5,11,Medium Value
12617,50.0,1,355.53,2,5,4,11,Medium Value
15355,50.0,2,277.05,2,4,5,11,Medium Value
12532,51.0,1,349.83,2,5,4,11,Medium Value
17022,52.0,2,260.0,2,4,5,11,Medium Value
15153,52.0,1,329.25,2,5,4,11,Medium Value
13272,52.0,2,276.56,2,4,5,11,Medium Value
17219,53.0,2,259.13,2,4,5,11,Medium Value
15526,54.0,2,148.44,2,4,5,11,Medium Value
14039,54.0,2,267.28,2,4,5,11,Medium Value
16318,56.0,1,328.15,2,5,4,11,Medium Value
15010,56.0,1,308.94,2,5,4,11,Medium Value
15612,57.0,2,195.15,2,4,5,11,Medium Value
16971,59.0,1,357.21,2,5,4,11,Medium Value
14995,60.0,2,233.23,2,4,5,11,Medium Value
17166,60.0,2,206.34,2,4,5,11,Medium Value
12522,60.0,2,192.72,2,4,5,11,Medium Value
15667,61.0,1,301.32,2,5,4,11,Medium Value
17839,63.0,1,338.8,2,5,4,11,Medium Value
15014,64.0,2,260.17,2,4,5,11,Medium Value
18147,67.0,2,179.34,2,4,5,11,Medium Value
17186,68.0,2,144.0,2,4,5,11,Medium Value
13917,71.0,2,272.04,2,4,5,11,Medium Value
15565,71.0,2,173.16,2,4,5,11,Medium Value
17824,72.0,1,298.4,2,5,4,11,Medium Value
16826,72.0,1,341.7,2,5,4,11,Medium Value
17973,73.0,1,337.04,2,5,4,11,Medium Value
16123,73.0,1,307.78,2,5,4,11,Medium Value
13923,74.0,1,351.13,2,5,4,11,Medium Value
18042,75.0,2,281.15,2,4,5,11,Medium Value
16542,75.0,2,257.32,2,4,5,11,Medium Value
15840,80.0,2,355.56,3,4,4,11,Medium Value
17489,80.0,2,376.64,3,4,4,11,Medium Value
12824,80.0,1,397.12,3,4,4,11,Medium Value
15553,81.0,1,437.23,3,4,4,11,Medium Value
13352,81.0,1,397.98,3,4,4,11,Medium Value
16982,81.0,1,384.06,3,4,4,11,Medium Value
15193,82.0,1,499.32,3,4,4,11,Medium Value
16685,82.0,2,324.24,3,4,4,11,Medium Value
13260,82.0,1,557.62,3,4,4,11,Medium Value
14029,84.0,2,467.66,3,4,4,11,Medium Value
12740,85.0,1,427.6,3,4,4,11,Medium Value
14067,85.0,2,374.7,3,4,4,11,Medium Value
12420,85.0,1,600.39,3,4,4,11,Medium Value
15300,85.0,1,496.44,3,4,4,11,Medium Value
15315,85.0,2,570.5,3,4,4,11,Medium Value
14317,86.0,1,508.58,3,4,4,11,Medium Value
13177,86.0,2,512.2,3,4,4,11,Medium Value
15762,86.0,2,583.75,3,4,4,11,Medium Value
16758,86.0,1,369.34,3,4,4,11,Medium Value
12789,86.0,3,273.35,3,3,5,11,Medium Value
15739,87.0,1,449.12,3,4,4,11,Medium Value
13351,87.0,1,373.94,3,4,4,11,Medium Value
14184,87.0,1,452.89,3,4,4,11,Medium Value
16881,88.0,1,432.0,3,4,4,11,Medium Value
15930,88.0,1,426.63,3,4,4,11,Medium Value
14333,89.0,1,415.2,3,4,4,11,Medium Value
16667,89.0,2,570.13,3,4,4,11,Medium Value
16404,91.0,1,443.05,3,4,4,11,Medium Value
16909,93.0,1,379.14,3,4,4,11,Medium Value
13321,93.0,2,567.36,3,4,4,11,Medium Value
18278,95.0,2,414.2,3,4,4,11,Medium Value
16629,95.0,2,417.73,3,4,4,11,Medium Value
16462,95.0,3,136.0,3,3,5,11,Medium Value
14908,95.0,2,381.9,3,4,4,11,Medium Value
16603,96.0,2,482.47,3,4,4,11,Medium Value
13390,96.0,1,544.08,3,4,4,11,Medium Value
14806,96.0,2,303.43,3,4,4,11,Medium Value
14757,96.0,1,420.5,3,4,4,11,Medium Value
16689,97.0,2,422.6,3,4,4,11,Medium Value
15475,98.0,1,454.11,3,4,4,11,Medium Value
13519,99.0,2,343.21,3,4,4,11,Medium Value
12579,99.0,1,440.42,3,4,4,11,Medium Value
12930,99.0,2,415.8,3,4,4,11,Medium Value
16236,99.0,1,432.2,3,4,4,11,Medium Value
13529,100.0,2,307.76,3,4,4,11,Medium Value
17415,100.0,1,507.84,3,4,4,11,Medium Value
12390,101.0,1,549.84,3,4,4,11,Medium Value
15975,105.0,1,371.01,3,4,4,11,Medium Value
14124,105.0,1,419.58,3,4,4,11,Medium Value
15099,105.0,1,410.48,3,4,4,11,Medium Value
15417,106.0,1,508.8,3,4,4,11,Medium Value
17333,107.0,1,494.25,3,4,4,11,Medium Value
15343,108.0,1,364.5,3,4,4,11,Medium Value
15216,109.0,2,486.09,3,4,4,11,Medium Value
17433,109.0,2,569.96,3,4,4,11,Medium Value
18255,110.0,2,303.15,3,4,4,11,Medium Value
13372,110.0,1,378.64,3,4,4,11,Medium Value
16031,113.0,2,548.94,3,4,4,11,Medium Value
18222,114.0,1,443.0,3,4,4,11,Medium Value
14208,115.0,2,567.05,3,4,4,11,Medium Value
12816,116.0,2,572.2,3,4,4,11,Medium Value
16820,116.0,1,497.61,3,4,4,11,Medium Value
17229,117.0,2,318.76,3,4,4,11,Medium Value
14965,117.0,2,599.0,3,4,4,11,Medium Value
14171,119.0,2,498.79,3,4,4,11,Medium Value
12436,120.0,1,509.01,3,4,4,11,Medium Value
16641,126.0,2,554.5,3,4,4,11,Medium Value
13003,127.0,3,149.05,3,3,5,11,Medium Value
13933,130.0,2,608.79,3,4,4,11,Medium Value
12363,131.0,2,552.0,3,4,4,11,Medium Value
16536,131.0,1,548.97,3,4,4,11,Medium Value
12513,134.0,1,612.29,3,4,4,11,Medium Value
15232,134.0,2,612.06,3,4,4,11,Medium Value
15472,134.0,1,371.56,3,4,4,11,Medium Value
12729,135.0,1,453.01,3,4,4,11,Medium Value
17070,135.0,2,445.32,3,4,4,11,Medium Value
14323,136.0,2,605.06,3,4,4,11,Medium Value
16272,138.0,1,411.7,3,4,4,11,Medium Value
17252,138.0,2,353.86,3,4,4,11,Medium Value
15683,138.0,2,524.54,3,4,4,11,Medium Value
13307,141.0,3,273.34,3,3,5,11,Medium Value
17248,141.0,2,546.16,3,4,4,11,Medium Value
14331,145.0,2,462.66,3,4,4,11,Medium Value
13248,145.0,2,465.68,3,4,4,11,Medium Value
17267,148.0,2,317.62,3,4,4,11,Medium Value
17514,149.0,2,542.83,3,4,4,11,Medium Value
15374,150.0,2,307.32,3,4,4,11,Medium Value
15342,151.0,1,406.09,3,4,4,11,Medium Value
17053,152.0,1,498.48,3,4,4,11,Medium Value
13106,154.0,2,603.46,3,4,4,11,Medium Value
15120,155.0,1,358.82,3,4,4,11,Medium Value
12743,155.0,2,546.43,3,4,4,11,Medium Value
14002,155.0,2,529.73,3,4,4,11,Medium Value
13194,157.0,2,472.78,3,4,4,11,Medium Value
17040,159.0,2,463.25,3,4,4,11,Medium Value
16178,159.0,2,612.6,3,4,4,11,Medium Value
13116,159.0,1,501.14,3,4,4,11,Medium Value
12864,159.0,2,299.57,3,4,4,11,Medium Value
16305,159.0,1,361.22,3,4,4,11,Medium Value
17265,160.0,2,562.9,3,4,4,11,Medium Value
16866,162.0,3,207.74,3,3,5,11,Medium Value
17660,162.0,2,359.47,3,4,4,11,Medium Value
15802,164.0,1,451.42,3,4,4,11,Medium Value
12521,164.0,1,599.68,3,4,4,11,Medium Value
16112,164.0,4,195.74,3,3,5,11,Medium Value
12833,166.0,1,417.38,3,4,4,11,Medium Value
17948,168.0,1,358.56,3,4,4,11,Medium Value
13675,172.0,2,486.82,3,4,4,11,Medium Value
18024,173.0,2,389.78,3,4,4,11,Medium Value
16091,176.0,2,315.06,3,4,4,11,Medium Value
16829,178.0,2,513.32,3,4,4,11,Medium Value
15349,179.0,2,473.81,3,4,4,11,Medium Value
12922,182.0,1,405.38,3,4,4,11,Medium Value
17391,185.0,2,508.8,3,4,4,11,Medium Value
12493,187.0,2,433.74,3,4,4,11,Medium Value
17630,191.0,2,503.6,3,4,4,11,Medium Value
15041,191.0,2,294.02,3,4,4,11,Medium Value
17960,192.0,3,135.08,3,3,5,11,Medium Value
15507,193.0,1,492.36,3,4,4,11,Medium Value
15825,193.0,1,532.94,3,4,4,11,Medium Value
16484,194.0,2,404.3,3,4,4,11,Medium Value
14491,196.0,2,468.13,3,4,4,11,Medium Value
15585,198.0,1,455.3,3,4,4,11,Medium Value
13080,200.0,4,280.73,3,3,5,11,Medium Value
17795,200.0,2,350.39,3,4,4,11,Medium Value
13533,204.0,3,270.79,3,3,5,11,Medium Value
14241,205.0,2,333.7,3,4,4,11,Medium Value
17026,206.0,3,208.98,3,3,5,11,Medium Value
15386,207.0,1,394.14,3,4,4,11,Medium Value
15852,208.0,3,257.26,3,3,5,11,Medium Value
13885,210.0,2,506.8,3,4,4,11,Medium Value
15405,210.0,2,659.84,4,4,3,11,Medium Value
15918,212.0,3,582.88,4,3,4,11,Medium Value
16810,213.0,2,842.04,4,4,3,11,Medium Value
13398,213.0,2,670.34,4,4,3,11,Medium Value
12999,217.0,3,455.88,4,3,4,11,Medium Value
12547,218.0,3,383.58,4,3,4,11,Medium Value
16449,219.0,2,707.69,4,4,3,11,Medium Value
13339,222.0,1,860.12,4,4,3,11,Medium Value
15724,222.0,3,310.85,4,3,4,11,Medium Value
18048,224.0,3,401.73,4,3,4,11,Medium Value
15648,225.0,2,657.35,4,4,3,11,Medium Value
12897,225.0,4,514.25,4,3,4,11,Medium Value
15333,229.0,1,1028.56,4,4,3,11,Medium Value
13235,233.0,1,1031.07,4,4,3,11,Medium Value
18133,233.0,1,931.5,4,4,3,11,Medium Value
14353,236.0,3,376.5,4,3,4,11,Medium Value
13642,236.0,4,514.72,4,3,4,11,Medium Value
17991,246.0,3,320.55,4,3,4,11,Medium Value
14022,246.0,2,792.15,4,4,3,11,Medium Value
18183,248.0,2,632.07,4,4,3,11,Medium Value
12354,253.0,1,1079.4,4,4,3,11,Medium Value
16193,258.0,2,630.43,4,4,3,11,Medium Value
12769,260.0,1,1143.6,4,4,3,11,Medium Value
15147,261.0,1,623.5,4,4,3,11,Medium Value
14339,264.0,2,620.27,4,4,3,11,Medium Value
17035,267.0,4,613.59,4,3,4,11,Medium Value
13712,267.0,2,766.42,4,4,3,11,Medium Value
16378,268.0,3,362.95,4,3,4,11,Medium Value
15691,273.0,4,571.3,4,3,4,11,Medium Value
13626,274.0,2,707.04,4,4,3,11,Medium Value
15832,275.0,1,836.79,4,4,3,11,Medium Value
15424,275.0,3,597.78,4,3,4,11,Medium Value
15589,277.0,3,478.53,4,3,4,11,Medium Value
12792,278.0,2,827.01,4,4,3,11,Medium Value
16022,281.0,1,628.28,4,4,3,11,Medium Value
13341,282.0,1,775.85,4,4,3,11,Medium Value
12831,283.0,3,451.11,4,3,4,11,Medium Value
16135,283.0,2,819.45,4,4,3,11,Medium Value
13262,284.0,3,573.45,4,3,4,11,Medium Value
13934,285.0,1,922.1,4,4,3,11,Medium Value
16216,288.0,1,914.93,4,4,3,11,Medium Value
12845,288.0,4,354.09,4,3,4,11,Medium Value
17542,291.0,3,341.7,4,3,4,11,Medium Value
14962,292.0,4,366.91,4,3,4,11,Medium Value
14727,295.0,3,467.93,4,3,4,11,Medium Value
14603,296.0,1,660.0,4,4,3,11,Medium Value
13493,296.0,2,618.63,4,4,3,11,Medium Value
15869,298.0,3,323.66,4,3,4,11,Medium Value
14670,301.0,3,602.0,4,3,4,11,Medium Value
17325,301.0,3,609.57,4,3,4,11,Medium Value
14779,301.0,3,386.15,4,3,4,11,Medium Value
14570,302.0,3,613.75,4,3,4,11,Medium Value
17995,302.0,3,495.48,4,3,4,11,Medium Value
17923,303.0,3,497.0,4,3,4,11,Medium Value
15257,304.0,2,685.9,4,4,3,11,Medium Value
14036,306.0,1,626.65,4,4,3,11,Medium Value
13684,307.0,4,596.98,4,3,4,11,Medium Value
12361,308.0,4,511.25,4,3,4,11,Medium Value
16913,311.0,3,423.91,4,3,4,11,Medium Value
12365,312.0,2,641.38,4,4,3,11,Medium Value
16494,317.0,1,826.53,4,4,3,11,Medium Value
13893,319.0,1,821.1,4,4,3,11,Medium Value
13672,322.0,3,419.92,4,3,4,11,Medium Value
13706,324.0,2,631.17,4,4,3,11,Medium Value
12956,327.0,4,521.89,4,3,4,11,Medium Value
13584,327.0,3,392.45,4,3,4,11,Medium Value
14497,330.0,2,697.06,4,4,3,11,Medium Value
14411,332.0,1,1063.0,4,4,3,11,Medium Value
15448,334.0,2,788.81,4,4,3,11,Medium Value
12735,336.0,2,779.57,4,4,3,11,Medium Value
13002,339.0,3,414.13,4,3,4,11,Medium Value
13008,344.0,3,612.13,4,3,4,11,Medium Value
15262,344.0,3,418.82,4,3,4,11,Medium Value
12665,346.0,3,313.6,4,3,4,11,Medium Value
13898,347.0,2,686.4,4,4,3,11,Medium Value
14238,347.0,3,434.23,4,3,4,11,Medium Value
15346,354.0,3,596.12,4,3,4,11,Medium Value
12651,355.0,4,377.75,4,3,4,11,Medium Value
12829,358.0,3,385.3,4,3,4,11,Medium Value
13187,358.0,4,367.01,4,3,4,11,Medium Value
12386,358.0,2,660.8,4,4,3,11,Medium Value
15464,359.0,1,1048.85,4,4,3,11,Medium Value
16270,374.0,1,1141.24,4,4,3,11,Medium Value
15160,378.0,4,589.27,4,3,4,11,Medium Value
13948,382.0,4,548.76,4,3,4,11,Medium Value
17524,382.0,3,539.14,4,3,4,11,Medium Value
12797,387.0,2,806.11,4,4,3,11,Medium Value
13270,387.0,1,1180.0,4,4,3,11,Medium Value
13807,388.0,3,534.8,4,3,4,11,Medium Value
15880,390.0,1,686.56,4,4,3,11,Medium Value
17976,393.0,1,706.38,4,4,3,11,Medium Value
16274,394.0,1,715.9,4,4,3,11,Medium Value
15165,394.0,1,975.5,4,4,3,11,Medium Value
15922,394.0,1,739.0,4,4,3,11,Medium Value
15350,394.0,2,663.25,4,4,3,11,Medium Value
14237,394.0,2,632.14,4,4,3,11,Medium Value
15960,395.0,4,410.95,4,3,4,11,Medium Value
18039,395.0,4,579.17,4,3,4,11,Medium Value
13444,395.0,2,631.68,4,4,3,11,Medium Value
15828,396.0,1,1108.82,4,4,3,11,Medium Value
14170,396.0,3,597.33,4,3,4,11,Medium Value
17547,397.0,2,727.85,4,4,3,11,Medium Value
12767,397.0,1,949.82,4,4,3,11,Medium Value
17804,397.0,3,385.23,4,3,4,11,Medium Value
16421,397.0,3,526.27,4,3,4,11,Medium Value
15446,398.0,3,406.95,4,3,4,11,Medium Value
16262,399.0,1,755.15,4,4,3,11,Medium Value
17996,401.0,3,482.33,4,3,4,11,Medium Value
13987,401.0,2,682.54,4,4,3,11,Medium Value
12889,402.0,4,385.46,4,3,4,11,Medium Value
17098,402.0,3,591.07,4,3,4,11,Medium Value
12880,403.0,2,640.13,4,4,3,11,Medium Value
16935,403.0,3,535.1,4,3,4,11,Medium Value
17782,404.0,2,679.02,4,4,3,11,Medium Value
16972,404.0,2,786.25,4,4,3,11,Medium Value
16501,404.0,1,1237.23,4,4,3,11,Medium Value
13864,407.0,1,662.4,4,4,3,11,Medium Value
17200,408.0,4,356.71,4,3,4,11,Medium Value
13237,409.0,1,643.0,4,4,3,11,Medium Value
12803,414.0,1,1092.81,4,4,3,11,Medium Value
16868,415.0,3,393.39,4,3,4,11,Medium Value
14365,416.0,2,634.68,4,4,3,11,Medium Value
17807,416.0,3,437.87,4,3,4,11,Medium Value
16977,416.0,4,496.0,4,3,4,11,Medium Value
13836,420.0,2,620.37,4,4,3,11,Medium Value
16707,421.0,4,551.11,4,3,4,11,Medium Value
16888,421.0,3,437.15,4,3,4,11,Medium Value
16060,421.0,3,541.95,4,3,4,11,Medium Value
14398,422.0,2,707.79,4,4,3,11,Medium Value
14213,426.0,1,1192.2,4,4,3,11,Medium Value
14122,427.0,3,362.42,4,3,4,11,Medium Value
14746,427.0,4,593.5,4,3,4,11,Medium Value
12505,430.0,1,955.2,4,4,3,11,Medium Value
12537,430.0,1,732.94,4,4,3,11,Medium Value
14324,431.0,2,701.61,4,4,3,11,Medium Value
16259,431.0,3,361.94,4,3,4,11,Medium Value
16677,432.0,2,880.62,5,3,3,11,Medium Value
13333,432.0,3,1015.74,5,3,3,11,Medium Value
16428,434.0,3,660.28,5,3,3,11,Medium Value
12972,435.0,4,1161.2,5,3,3,11,Medium Value
18247,436.0,3,839.73,5,3,3,11,Medium Value
16702,436.0,4,1110.83,5,3,3,11,Medium Value
16521,436.0,3,1148.01,5,3,3,11,Medium Value
15207,437.0,3,683.92,5,3,3,11,Medium Value
17023,438.0,3,800.18,5,3,3,11,Medium Value
17143,438.0,2,924.11,5,3,3,11,Medium Value
17141,439.0,4,754.33,5,3,3,11,Medium Value
13820,439.0,3,660.65,5,3,3,11,Medium Value
14839,439.0,3,915.28,5,3,3,11,Medium Value
14956,442.0,1,1325.0,5,4,2,11,Medium Value
14343,442.0,4,1088.91,5,3,3,11,Medium Value
16130,443.0,4,987.48,5,3,3,11,Medium Value
13770,443.0,4,785.37,5,3,3,11,Medium Value
16975,444.0,3,926.12,5,3,3,11,Medium Value
14734,446.0,4,1056.42,5,3,3,11,Medium Value
12862,447.0,2,1008.32,5,3,3,11,Medium Value
16568,449.0,2,1020.9,5,3,3,11,Medium Value
15600,449.0,4,1199.31,5,3,3,11,Medium Value
13567,449.0,4,1083.69,5,3,3,11,Medium Value
16307,450.0,3,1194.92,5,3,3,11,Medium Value
14302,452.0,3,742.9,5,3,3,11,Medium Value
17366,453.0,2,1096.24,5,3,3,11,Medium Value
14455,453.0,4,628.21,5,3,3,11,Medium Value
17380,455.0,3,645.0,5,3,3,11,Medium Value
12696,456.0,2,851.91,5,3,3,11,Medium Value
14425,456.0,3,661.39,5,3,3,11,Medium Value
13729,457.0,3,724.73,5,3,3,11,Medium Value
14230,457.0,3,979.8,5,3,3,11,Medium Value
13797,458.0,3,1179.45,5,3,3,11,Medium Value
14228,459.0,3,745.5,5,3,3,11,Medium Value
13205,464.0,1,2803.2,5,4,2,11,Medium Value
14372,464.0,2,860.08,5,3,3,11,Medium Value
14182,465.0,4,678.77,5,3,3,11,Medium Value
13465,467.0,2,931.12,5,3,3,11,Medium Value
13041,472.0,4,799.13,5,3,3,11,Medium Value
17801,472.0,3,798.33,5,3,3,11,Medium Value
15824,474.0,2,890.94,5,3,3,11,Medium Value
12440,483.0,2,859.2,5,3,3,11,Medium Value
13346,484.0,6,299.4,5,2,4,11,Medium Value
14283,484.0,4,628.44,5,3,3,11,Medium Value
13540,488.0,3,632.39,5,3,3,11,Medium Value
15430,489.0,2,954.75,5,3,3,11,Medium Value
15784,489.0,2,848.33,5,3,3,11,Medium Value
17963,492.0,4,651.51,5,3,3,11,Medium Value
14260,492.0,3,824.28,5,3,3,11,Medium Value
13415,494.0,4,800.67,5,3,3,11,Medium Value
13965,498.0,3,996.61,5,3,3,11,Medium Value
15310,500.0,1,1634.64,5,4,2,11,Medium Value
15268,500.0,3,961.9,5,3,3,11,Medium Value
14872,504.0,3,816.6,5,3,3,11,Medium Value
12745,508.0,3,925.41,5,3,3,11,Medium Value
12998,514.0,3,920.08,5,3,3,11,Medium Value
12525,519.0,3,973.73,5,3,3,11,Medium Value
15331,521.0,3,767.91,5,3,3,11,Medium Value
13433,522.0,4,658.32,5,3,3,11,Medium Value
13201,523.0,4,1240.61,5,3,3,11,Medium Value
14061,528.0,3,917.43,5,3,3,11,Medium Value
14430,533.0,3,1220.9,5,3,3,11,Medium Value
16435,533.0,3,1011.57,5,3,3,11,Medium Value
15542,533.0,3,918.45,5,3,3,11,Medium Value
13559,534.0,2,990.0,5,3,3,11,Medium Value
15259,534.0,4,1182.38,5,3,3,11,Medium Value
13595,537.0,3,818.22,5,3,3,11,Medium Value
13872,548.0,3,919.57,5,3,3,11,Medium Value
13057,551.0,3,722.09,5,3,3,11,Medium Value
13585,551.0,3,684.54,5,3,3,11,Medium Value
16661,561.0,4,986.63,5,3,3,11,Medium Value
17020,563.0,2,935.62,5,3,3,11,Medium Value
13337,567.0,1,1575.26,5,4,2,11,Medium Value
16862,568.0,4,662.33,5,3,3,11,Medium Value
15183,569.0,3,639.93,5,3,3,11,Medium Value
14308,570.0,2,1147.02,5,3,3,11,Medium Value
14671,570.0,2,1127.45,5,3,3,11,Medium Value
12911,572.0,1,1680.47,5,4,2,11,Medium Value
12675,575.0,2,958.5,5,3,3,11,Medium Value
16798,575.0,3,848.71,5,3,3,11,Medium Value
12905,598.0,2,1018.42,5,3,3,11,Medium Value
13393,605.0,4,1131.45,5,3,3,11,Medium Value
13039,605.0,4,1010.73,5,3,3,11,Medium Value
15586,614.0,3,1139.1,5,3,3,11,Medium Value
14556,617.0,3,835.34,5,3,3,11,Medium Value
14917,618.0,2,1123.75,5,3,3,11,Medium Value
17622,618.0,2,1130.21,5,3,3,11,Medium Value
17825,619.0,4,731.96,5,3,3,11,Medium Value
13287,624.0,3,781.59,5,3,3,11,Medium Value
15771,625.0,3,1006.54,5,3,3,11,Medium Value
17039,625.0,1,1954.99,5,4,2,11,Medium Value
12671,627.0,1,2622.48,5,4,2,11,Medium Value
15546,628.0,2,1079.1,5,3,3,11,Medium Value
17529,631.0,2,1240.25,5,3,3,11,Medium Value
15309,632.0,4,797.96,5,3,3,11,Medium Value
17477,634.0,2,1144.3,5,3,3,11,Medium Value
17539,638.0,4,1226.57,5,3,3,11,Medium Value
13459,646.0,2,1160.41,5,3,3,11,Medium Value
16077,647.0,1,2300.4,5,4,2,11,Medium Value
13413,660.0,6,429.44,5,2,4,11,Medium Value
17305,669.0,1,2135.46,5,4,2,11,Medium Value
14558,675.0,3,655.5,5,3,3,11,Medium Value
12439,703.0,2,1158.18,5,3,3,11,Medium Value
13768,748.0,2,875.97,5,3,3,11,Medium Value
13526,759.0,2,1182.0,5,3,3,11,Medium Value
13404,22.0,2,252.49,1,4,5,10,Medium Value
15520,23.0,1,343.5,1,5,4,10,Medium Value
14520,23.0,2,270.6,1,4,5,10,Medium Value
12650,24.0,1,314.44,1,5,4,10,Medium Value
16313,24.0,2,274.15,1,4,5,10,Medium Value
17914,25.0,1,336.43,1,5,4,10,Medium Value
18005,25.0,2,249.72,1,4,5,10,Medium Value
15318,25.0,1,312.62,1,5,4,10,Medium Value
18030,25.0,2,230.65,1,4,5,10,Medium Value
15690,25.0,2,239.76,1,4,5,10,Medium Value
13790,25.0,1,348.8,1,5,4,10,Medium Value
14658,26.0,2,247.15,1,4,5,10,Medium Value
14354,27.0,2,163.62,1,4,5,10,Medium Value
18174,28.0,2,162.5,1,4,5,10,Medium Value
12962,28.0,2,266.39,1,4,5,10,Medium Value
18282,29.0,2,178.05,1,4,5,10,Medium Value
14960,29.0,2,221.27,1,4,5,10,Medium Value
14804,30.0,1,353.27,1,5,4,10,Medium Value
17737,30.0,2,168.24,1,4,5,10,Medium Value
16852,31.0,2,144.91,1,4,5,10,Medium Value
14785,31.0,2,77.4,1,4,5,10,Medium Value
15148,32.0,1,301.29,1,5,4,10,Medium Value
15619,32.0,1,336.4,1,5,4,10,Medium Value
17359,32.0,2,284.46,1,4,5,10,Medium Value
13332,35.0,1,350.9,1,5,4,10,Medium Value
13978,36.0,2,196.79,1,4,5,10,Medium Value
14703,36.0,1,318.17,1,5,4,10,Medium Value
16189,37.0,2,215.48,1,4,5,10,Medium Value
13986,38.0,1,320.46,1,5,4,10,Medium Value
14768,38.0,2,192.6,1,4,5,10,Medium Value
14424,39.0,1,322.08,1,5,4,10,Medium Value
16956,39.0,1,308.74,1,5,4,10,Medium Value
15699,39.0,1,309.65,1,5,4,10,Medium Value
13189,40.0,2,260.68,1,4,5,10,Medium Value
13142,40.0,1,307.09,1,5,4,10,Medium Value
16666,40.0,2,225.94,1,4,5,10,Medium Value
18110,40.0,2,435.43,2,4,4,10,Medium Value
14052,40.0,2,480.81,2,4,4,10,Medium Value
15963,41.0,2,470.76,2,4,4,10,Medium Value
17301,42.0,2,330.43,2,4,4,10,Medium Value
12445,43.0,2,434.98,2,4,4,10,Medium Value
14416,43.0,2,490.22,2,4,4,10,Medium Value
15432,44.0,2,320.76,2,4,4,10,Medium Value
16999,44.0,2,484.82,2,4,4,10,Medium Value
16855,44.0,2,328.4,2,4,4,10,Medium Value
13816,45.0,2,571.67,2,4,4,10,Medium Value
17357,45.0,2,388.14,2,4,4,10,Medium Value
13066,45.0,2,470.8,2,4,4,10,Medium Value
13058,45.0,3,271.4,2,3,5,10,Medium Value
15524,45.0,2,591.4,2,4,4,10,Medium Value
17510,46.0,2,514.56,2,4,4,10,Medium Value
16504,46.0,1,484.38,2,4,4,10,Medium Value
16207,46.0,1,394.38,2,4,4,10,Medium Value
15458,46.0,2,370.44,2,4,4,10,Medium Value
17658,46.0,2,595.42,2,4,4,10,Medium Value
16936,47.0,2,551.17,2,4,4,10,Medium Value
12508,47.0,2,398.27,2,4,4,10,Medium Value
15429,47.0,2,397.35,2,4,4,10,Medium Value
13732,49.0,1,491.86,2,4,4,10,Medium Value
17052,49.0,1,413.75,2,4,4,10,Medium Value
16433,49.0,2,384.52,2,4,4,10,Medium Value
15557,49.0,1,473.65,2,4,4,10,Medium Value
12384,50.0,2,585.27,2,4,4,10,Medium Value
14765,50.0,3,254.11,2,3,5,10,Medium Value
13817,50.0,2,382.98,2,4,4,10,Medium Value
13606,50.0,3,280.54,2,3,5,10,Medium Value
17901,50.0,3,260.08,2,3,5,10,Medium Value
12981,51.0,2,372.22,2,4,4,10,Medium Value
16025,51.0,1,439.66,2,4,4,10,Medium Value
15450,51.0,1,429.84,2,4,4,10,Medium Value
13992,51.0,3,219.5,2,3,5,10,Medium Value
15986,51.0,2,354.42,2,4,4,10,Medium Value
14968,51.0,2,504.99,2,4,4,10,Medium Value
18216,52.0,1,481.75,2,4,4,10,Medium Value
17637,52.0,2,547.06,2,4,4,10,Medium Value
12832,53.0,2,383.03,2,4,4,10,Medium Value
15522,54.0,2,398.84,2,4,4,10,Medium Value
14517,54.0,2,330.45,2,4,4,10,Medium Value
16243,54.0,2,409.1,2,4,4,10,Medium Value
13651,56.0,3,226.85,2,3,5,10,Medium Value
15597,56.0,2,563.37,2,4,4,10,Medium Value
17274,56.0,2,577.38,2,4,4,10,Medium Value
12944,57.0,2,604.51,2,4,4,10,Medium Value
13592,57.0,4,247.96,2,3,5,10,Medium Value
17078,57.0,2,378.2,2,4,4,10,Medium Value
12544,57.0,1,372.7,2,4,4,10,Medium Value
14636,57.0,2,609.85,2,4,4,10,Medium Value
17403,57.0,2,400.57,2,4,4,10,Medium Value
18205,57.0,2,517.36,2,4,4,10,Medium Value
14528,58.0,1,364.22,2,4,4,10,Medium Value
13904,58.0,2,332.64,2,4,4,10,Medium Value
18164,58.0,1,399.65,2,4,4,10,Medium Value
15275,59.0,1,615.14,2,4,4,10,Medium Value
15830,59.0,1,576.0,2,4,4,10,Medium Value
15423,59.0,3,266.89,2,3,5,10,Medium Value
12491,59.0,1,460.4,2,4,4,10,Medium Value
12552,60.0,2,437.82,2,4,4,10,Medium Value
12571,61.0,2,519.61,2,4,4,10,Medium Value
15360,61.0,1,427.93,2,4,4,10,Medium Value
18067,61.0,1,396.33,2,4,4,10,Medium Value
14158,61.0,1,507.66,2,4,4,10,Medium Value
17447,61.0,2,541.53,2,4,4,10,Medium Value
12895,63.0,2,372.8,2,4,4,10,Medium Value
18261,64.0,2,324.24,2,4,4,10,Medium Value
16847,64.0,2,614.89,2,4,4,10,Medium Value
14752,65.0,1,389.64,2,4,4,10,Medium Value
15821,65.0,2,570.96,2,4,4,10,Medium Value
12448,65.0,1,449.45,2,4,4,10,Medium Value
14598,65.0,2,384.04,2,4,4,10,Medium Value
17712,65.0,1,522.91,2,4,4,10,Medium Value
16454,66.0,4,30.95,2,3,5,10,Medium Value
15516,66.0,3,62.43,2,3,5,10,Medium Value
15158,66.0,2,606.02,2,4,4,10,Medium Value
17024,66.0,3,95.85,2,3,5,10,Medium Value
15345,67.0,1,393.54,2,4,4,10,Medium Value
13176,67.0,1,492.84,2,4,4,10,Medium Value
18240,67.0,1,422.58,2,4,4,10,Medium Value
17344,67.0,2,468.11,2,4,4,10,Medium Value
15277,68.0,2,476.34,2,4,4,10,Medium Value
15592,68.0,1,388.58,2,4,4,10,Medium Value
17111,68.0,2,476.58,2,4,4,10,Medium Value
15000,69.0,1,490.52,2,4,4,10,Medium Value
15121,71.0,2,457.72,2,4,4,10,Medium Value
12556,71.0,2,603.71,2,4,4,10,Medium Value
14495,71.0,3,174.8,2,3,5,10,Medium Value
14638,72.0,1,443.6,2,4,4,10,Medium Value
14799,72.0,2,338.15,2,4,4,10,Medium Value
13594,74.0,2,533.32,2,4,4,10,Medium Value
15598,74.0,2,548.02,2,4,4,10,Medium Value
17520,74.0,1,546.81,2,4,4,10,Medium Value
16052,75.0,1,362.06,2,4,4,10,Medium Value
15545,75.0,2,428.05,2,4,4,10,Medium Value
14780,75.0,2,447.68,2,4,4,10,Medium Value
16674,76.0,2,319.61,2,4,4,10,Medium Value
17892,77.0,3,244.1,2,3,5,10,Medium Value
16413,77.0,2,528.98,2,4,4,10,Medium Value
17614,78.0,1,390.07,2,4,4,10,Medium Value
14975,78.0,2,472.39,2,4,4,10,Medium Value
13930,79.0,2,337.34,2,4,4,10,Medium Value
13283,81.0,4,373.36,3,3,4,10,Medium Value
12772,81.0,1,892.47,3,4,3,10,Medium Value
13666,81.0,5,127.9,3,2,5,10,Medium Value
17462,81.0,2,675.69,3,4,3,10,Medium Value
16776,81.0,2,619.85,3,4,3,10,Medium Value
16921,82.0,3,446.67,3,3,4,10,Medium Value
15756,82.0,4,532.96,3,3,4,10,Medium Value
12781,85.0,2,826.74,3,4,3,10,Medium Value
12519,85.0,2,726.54,3,4,3,10,Medium Value
14819,85.0,4,470.16,3,3,4,10,Medium Value
15837,86.0,2,777.01,3,4,3,10,Medium Value
17647,86.0,3,331.66,3,3,4,10,Medium Value
15048,86.0,4,482.75,3,3,4,10,Medium Value
17483,86.0,4,591.73,3,3,4,10,Medium Value
15127,87.0,2,711.5,3,4,3,10,Medium Value
13792,87.0,3,383.95,3,3,4,10,Medium Value
14488,89.0,1,1064.28,3,4,3,10,Medium Value
16613,91.0,1,618.59,3,4,3,10,Medium Value
17376,91.0,4,453.64,3,3,4,10,Medium Value
18053,92.0,3,571.07,3,3,4,10,Medium Value
16268,92.0,2,667.65,3,4,3,10,Medium Value
16589,92.0,4,612.36,3,3,4,10,Medium Value
13354,92.0,1,743.53,3,4,3,10,Medium Value
18192,93.0,1,957.97,3,4,3,10,Medium Value
17783,93.0,3,379.91,3,3,4,10,Medium Value
15036,93.0,3,465.55,3,3,4,10,Medium Value
16690,93.0,4,353.03,3,3,4,10,Medium Value
18265,93.0,2,801.51,3,4,3,10,Medium Value
17370,94.0,4,446.18,3,3,4,10,Medium Value
12612,95.0,1,704.04,3,4,3,10,Medium Value
15958,95.0,4,492.99,3,3,4,10,Medium Value
13927,96.0,2,708.26,3,4,3,10,Medium Value
16342,96.0,4,322.41,3,3,4,10,Medium Value
18155,96.0,3,371.62,3,3,4,10,Medium Value
16480,97.0,1,769.29,3,4,3,10,Medium Value
13336,98.0,1,795.12,3,4,3,10,Medium Value
15075,98.0,1,773.03,3,4,3,10,Medium Value
16715,99.0,2,625.52,3,4,3,10,Medium Value
12550,100.0,1,964.83,3,4,3,10,Medium Value
14356,101.0,2,701.23,3,4,3,10,Medium Value
13356,101.0,1,768.24,3,4,3,10,Medium Value
16624,101.0,2,810.57,3,4,3,10,Medium Value
15888,101.0,3,429.16,3,3,4,10,Medium Value
15675,102.0,4,542.04,3,3,4,10,Medium Value
15504,102.0,4,423.85,3,3,4,10,Medium Value
18232,103.0,4,592.97,3,3,4,10,Medium Value
16080,103.0,4,602.56,3,3,4,10,Medium Value
13325,103.0,1,675.3,3,4,3,10,Medium Value
13067,103.0,3,508.51,3,3,4,10,Medium Value
13563,105.0,2,777.53,3,4,3,10,Medium Value
16573,106.0,2,663.61,3,4,3,10,Medium Value
15205,106.0,2,653.24,3,4,3,10,Medium Value
14557,106.0,1,788.38,3,4,3,10,Medium Value
17898,106.0,4,299.18,3,3,4,10,Medium Value
13518,107.0,1,659.44,3,4,3,10,Medium Value
13877,107.0,3,449.68,3,3,4,10,Medium Value
14500,109.0,3,356.85,3,3,4,10,Medium Value
16475,109.0,4,544.3,3,3,4,10,Medium Value
12965,110.0,1,771.91,3,4,3,10,Medium Value
13441,113.0,2,720.9,3,4,3,10,Medium Value
12535,113.0,2,716.35,3,4,3,10,Medium Value
12461,115.0,2,826.88,3,4,3,10,Medium Value
17339,115.0,3,362.36,3,3,4,10,Medium Value
17309,116.0,3,330.59,3,3,4,10,Medium Value
15829,120.0,2,636.14,3,4,3,10,Medium Value
16780,121.0,3,605.55,3,3,4,10,Medium Value
16816,124.0,4,417.06,3,3,4,10,Medium Value
13489,126.0,4,449.52,3,3,4,10,Medium Value
16309,127.0,2,706.57,3,4,3,10,Medium Value
12624,127.0,2,641.13,3,4,3,10,Medium Value
18018,129.0,4,297.99,3,3,4,10,Medium Value
12593,129.0,3,418.1,3,3,4,10,Medium Value
15396,134.0,2,796.38,3,4,3,10,Medium Value
16927,137.0,3,543.05,3,3,4,10,Medium Value
15624,138.0,4,588.13,3,3,4,10,Medium Value
17122,140.0,4,570.5,3,3,4,10,Medium Value
15689,141.0,3,521.03,3,3,4,10,Medium Value
13355,143.0,1,674.7,3,4,3,10,Medium Value
18248,144.0,2,804.02,3,4,3,10,Medium Value
14053,145.0,4,572.3,3,3,4,10,Medium Value
14079,145.0,2,618.73,3,4,3,10,Medium Value
14778,148.0,2,730.86,3,4,3,10,Medium Value
16324,149.0,3,428.68,3,3,4,10,Medium Value
13075,151.0,1,919.61,3,4,3,10,Medium Value
12534,152.0,1,1089.18,3,4,3,10,Medium Value
12453,155.0,1,707.09,3,4,3,10,Medium Value
13730,157.0,2,752.6,3,4,3,10,Medium Value
12763,159.0,2,814.16,3,4,3,10,Medium Value
18262,161.0,3,577.54,3,3,4,10,Medium Value
14722,168.0,3,513.37,3,3,4,10,Medium Value
15004,168.0,1,1246.32,3,4,3,10,Medium Value
18121,170.0,2,673.1,3,4,3,10,Medium Value
14552,172.0,3,511.28,3,3,4,10,Medium Value
13754,173.0,3,447.05,3,3,4,10,Medium Value
15045,173.0,2,735.66,3,4,3,10,Medium Value
13955,175.0,3,545.17,3,3,4,10,Medium Value
13699,176.0,2,764.15,3,4,3,10,Medium Value
15512,177.0,4,331.58,3,3,4,10,Medium Value
12977,177.0,4,517.63,3,3,4,10,Medium Value
17440,178.0,4,323.58,3,3,4,10,Medium Value
15334,178.0,3,351.67,3,3,4,10,Medium Value
18203,178.0,4,504.42,3,3,4,10,Medium Value
17765,179.0,4,530.8,3,3,4,10,Medium Value
17105,180.0,2,665.78,3,4,3,10,Medium Value
13833,180.0,2,701.36,3,4,3,10,Medium Value
13745,183.0,2,777.36,3,4,3,10,Medium Value
17408,184.0,3,316.09,3,3,4,10,Medium Value
16545,186.0,2,689.82,3,4,3,10,Medium Value
16473,186.0,4,470.83,3,3,4,10,Medium Value
17110,186.0,3,510.7,3,3,4,10,Medium Value
15258,189.0,2,623.16,3,4,3,10,Medium Value
16647,191.0,4,541.9,3,3,4,10,Medium Value
16526,192.0,2,717.21,3,4,3,10,Medium Value
15280,193.0,3,406.22,3,3,4,10,Medium Value
15700,193.0,2,696.68,3,4,3,10,Medium Value
12837,194.0,2,688.41,3,4,3,10,Medium Value
16050,195.0,3,300.7,3,3,4,10,Medium Value
15219,197.0,2,685.45,3,4,3,10,Medium Value
16739,198.0,2,786.43,3,4,3,10,Medium Value
14222,198.0,1,683.17,3,4,3,10,Medium Value
17536,198.0,3,364.83,3,3,4,10,Medium Value
16644,198.0,2,833.78,3,4,3,10,Medium Value
15069,200.0,1,1109.53,3,4,3,10,Medium Value
14823,201.0,3,321.43,3,3,4,10,Medium Value
13686,204.0,3,409.04,3,3,4,10,Medium Value
15780,204.0,3,475.28,3,3,4,10,Medium Value
16117,211.0,3,654.4,4,3,3,10,Medium Value
17472,212.0,4,935.1,4,3,3,10,Medium Value
15643,213.0,3,664.0,4,3,3,10,Medium Value
13070,213.0,4,751.7,4,3,3,10,Medium Value
17051,215.0,4,714.39,4,3,3,10,Medium Value
16567,215.0,2,865.6,4,3,3,10,Medium Value
15104,217.0,2,1027.44,4,3,3,10,Medium Value
16838,218.0,4,1159.61,4,3,3,10,Medium Value
16356,219.0,6,415.87,4,2,4,10,Medium Value
14009,219.0,3,1099.91,4,3,3,10,Medium Value
16763,220.0,2,964.7,4,3,3,10,Medium Value
17375,220.0,4,660.55,4,3,3,10,Medium Value
15314,220.0,3,820.45,4,3,3,10,Medium Value
13479,222.0,4,851.37,4,3,3,10,Medium Value
17176,222.0,3,902.32,4,3,3,10,Medium Value
13572,227.0,1,1384.25,4,4,2,10,Medium Value
13976,228.0,4,1192.36,4,3,3,10,Medium Value
14873,231.0,2,854.13,4,3,3,10,Medium Value
18218,232.0,4,1142.0,4,3,3,10,Medium Value
16431,234.0,3,642.81,4,3,3,10,Medium Value
14699,235.0,4,702.6,4,3,3,10,Medium Value
12355,235.0,2,947.61,4,3,3,10,Medium Value
15092,236.0,3,776.46,4,3,3,10,Medium Value
18078,238.0,4,844.6,4,3,3,10,Medium Value
14423,239.0,3,916.61,4,3,3,10,Medium Value
14199,239.0,4,1091.7,4,3,3,10,Medium Value
16109,240.0,3,939.48,4,3,3,10,Medium Value
17374,240.0,3,727.11,4,3,3,10,Medium Value
15210,246.0,3,1176.19,4,3,3,10,Medium Value
16227,246.0,3,1027.22,4,3,3,10,Medium Value
17277,248.0,2,1065.35,4,3,3,10,Medium Value
16834,249.0,2,898.96,4,3,3,10,Medium Value
17548,254.0,4,731.26,4,3,3,10,Medium Value
13101,255.0,4,695.4,4,3,3,10,Medium Value
15717,255.0,5,607.0,4,2,4,10,Medium Value
14672,256.0,4,1113.14,4,3,3,10,Medium Value
13474,257.0,3,663.79,4,3,3,10,Medium Value
12878,257.0,2,854.99,4,3,3,10,Medium Value
15246,259.0,3,780.4,4,3,3,10,Medium Value
14206,260.0,3,1185.01,4,3,3,10,Medium Value
13221,261.0,2,847.41,4,3,3,10,Medium Value
17746,261.0,4,904.18,4,3,3,10,Medium Value
13484,262.0,3,790.72,4,3,3,10,Medium Value
14326,263.0,3,940.98,4,3,3,10,Medium Value
14616,264.0,5,527.78,4,2,4,10,Medium Value
16623,267.0,4,1015.24,4,3,3,10,Medium Value
15109,267.0,3,983.1,4,3,3,10,Medium Value
14924,267.0,3,931.01,4,3,3,10,Medium Value
16643,267.0,2,923.11,4,3,3,10,Medium Value
12580,268.0,2,1052.9,4,3,3,10,Medium Value
15917,269.0,5,560.63,4,2,4,10,Medium Value
13863,269.0,4,1239.55,4,3,3,10,Medium Value
17492,269.0,3,1122.42,4,3,3,10,Medium Value
13781,271.0,3,778.83,4,3,3,10,Medium Value
17580,273.0,5,545.27,4,2,4,10,Medium Value
17212,274.0,3,794.41,4,3,3,10,Medium Value
14890,275.0,3,817.25,4,3,3,10,Medium Value
18108,275.0,3,848.81,4,3,3,10,Medium Value
13439,276.0,3,986.61,4,3,3,10,Medium Value
13368,278.0,4,1121.5,4,3,3,10,Medium Value
13452,280.0,3,729.8,4,3,3,10,Medium Value
16769,281.0,4,1141.75,4,3,3,10,Medium Value
13512,282.0,4,713.39,4,3,3,10,Medium Value
16250,282.0,3,791.38,4,3,3,10,Medium Value
12818,282.0,1,1542.08,4,4,2,10,Medium Value
15695,288.0,4,1131.04,4,3,3,10,Medium Value
13299,289.0,3,1218.7,4,3,3,10,Medium Value
13261,289.0,2,944.1,4,3,3,10,Medium Value
16152,290.0,1,1829.04,4,4,2,10,Medium Value
16392,290.0,3,763.05,4,3,3,10,Medium Value
16766,294.0,2,1145.6,4,3,3,10,Medium Value
17194,294.0,3,812.5,4,3,3,10,Medium Value
14350,295.0,3,972.03,4,3,3,10,Medium Value
16471,296.0,4,1189.98,4,3,3,10,Medium Value
17639,297.0,6,615.17,4,2,4,10,Medium Value
12817,302.0,3,690.98,4,3,3,10,Medium Value
16159,302.0,4,1232.79,4,3,3,10,Medium Value
13166,304.0,2,884.18,4,3,3,10,Medium Value
12866,304.0,3,1227.35,4,3,3,10,Medium Value
16997,309.0,3,702.0,4,3,3,10,Medium Value
12945,309.0,2,900.11,4,3,3,10,Medium Value
15303,311.0,3,1224.18,4,3,3,10,Medium Value
17334,323.0,3,635.15,4,3,3,10,Medium Value
15970,324.0,2,1017.32,4,3,3,10,Medium Value
14048,326.0,3,748.69,4,3,3,10,Medium Value
13809,326.0,3,679.7,4,3,3,10,Medium Value
14600,327.0,2,865.17,4,3,3,10,Medium Value
17392,327.0,3,626.56,4,3,3,10,Medium Value
17226,330.0,3,900.12,4,3,3,10,Medium Value
12410,330.0,3,1013.71,4,3,3,10,Medium Value
17223,331.0,3,873.53,4,3,3,10,Medium Value
17912,331.0,6,375.5,4,2,4,10,Medium Value
14549,332.0,4,916.55,4,3,3,10,Medium Value
12373,332.0,3,1127.65,4,3,3,10,Medium Value
15881,333.0,5,501.39,4,2,4,10,Medium Value
17239,334.0,4,1189.45,4,3,3,10,Medium Value
13328,337.0,1,1308.48,4,4,2,10,Medium Value
12764,338.0,1,1693.88,4,4,2,10,Medium Value
14248,339.0,3,1032.95,4,3,3,10,Medium Value
15447,352.0,5,492.88,4,2,4,10,Medium Value
15171,352.0,1,1289.5,4,4,2,10,Medium Value
12652,352.0,2,1017.03,4,3,3,10,Medium Value
12793,355.0,3,1017.33,4,3,3,10,Medium Value
12501,357.0,1,2169.39,4,4,2,10,Medium Value
13304,372.0,4,1217.99,4,3,3,10,Medium Value
13922,373.0,3,865.2,4,3,3,10,Medium Value
15562,373.0,3,673.38,4,3,3,10,Medium Value
12734,373.0,3,639.65,4,3,3,10,Medium Value
17691,379.0,4,780.05,4,3,3,10,Medium Value
17525,380.0,3,1161.9,4,3,3,10,Medium Value
13295,381.0,4,1101.97,4,3,3,10,Medium Value
15361,383.0,4,689.07,4,3,3,10,Medium Value
14413,383.0,4,770.37,4,3,3,10,Medium Value
17251,384.0,3,812.43,4,3,3,10,Medium Value
16565,385.0,4,773.05,4,3,3,10,Medium Value
12785,385.0,3,1100.4,4,3,3,10,Medium Value
15723,386.0,4,947.65,4,3,3,10,Medium Value
17880,386.0,3,824.92,4,3,3,10,Medium Value
17456,386.0,2,1225.42,4,3,3,10,Medium Value
15945,386.0,4,827.27,4,3,3,10,Medium Value
14355,386.0,3,1014.45,4,3,3,10,Medium Value
14932,387.0,2,1029.66,4,3,3,10,Medium Value
16679,387.0,3,793.06,4,3,3,10,Medium Value
15973,388.0,3,988.44,4,3,3,10,Medium Value
15180,388.0,3,904.43,4,3,3,10,Medium Value
17860,389.0,4,1015.54,4,3,3,10,Medium Value
14813,391.0,4,1090.87,4,3,3,10,Medium Value
13370,393.0,1,1509.74,4,4,2,10,Medium Value
16781,393.0,2,934.25,4,3,3,10,Medium Value
15363,393.0,2,1004.11,4,3,3,10,Medium Value
15070,394.0,3,843.25,4,3,3,10,Medium Value
13108,394.0,2,1098.52,4,3,3,10,Medium Value
12855,394.0,4,650.94,4,3,3,10,Medium Value
14142,394.0,2,983.15,4,3,3,10,Medium Value
16048,394.0,4,1075.23,4,3,3,10,Medium Value
14729,394.0,3,907.38,4,3,3,10,Medium Value
17968,394.0,4,888.04,4,3,3,10,Medium Value
14605,395.0,4,937.16,4,3,3,10,Medium Value
16223,396.0,2,1102.35,4,3,3,10,Medium Value
14510,396.0,3,1007.28,4,3,3,10,Medium Value
17756,396.0,3,733.7,4,3,3,10,Medium Value
12605,397.0,4,1232.95,4,3,3,10,Medium Value
13891,399.0,3,863.56,4,3,3,10,Medium Value
17952,399.0,4,819.61,4,3,3,10,Medium Value
16254,399.0,3,985.14,4,3,3,10,Medium Value
16138,399.0,3,910.35,4,3,3,10,Medium Value
12385,400.0,1,1938.4,4,4,2,10,Medium Value
16231,400.0,4,1078.22,4,3,3,10,Medium Value
15084,401.0,2,965.2,4,3,3,10,Medium Value
17342,401.0,4,1227.54,4,3,3,10,Medium Value
17167,401.0,3,867.11,4,3,3,10,Medium Value
17998,401.0,3,639.24,4,3,3,10,Medium Value
14202,402.0,3,847.76,4,3,3,10,Medium Value
17713,403.0,4,1198.09,4,3,3,10,Medium Value
15377,404.0,4,1211.75,4,3,3,10,Medium Value
12874,406.0,2,948.42,4,3,3,10,Medium Value
16228,406.0,3,890.81,4,3,3,10,Medium Value
17683,407.0,3,819.01,4,3,3,10,Medium Value
17421,407.0,3,1059.41,4,3,3,10,Medium Value
13996,407.0,2,895.76,4,3,3,10,Medium Value
13970,407.0,2,846.55,4,3,3,10,Medium Value
17310,408.0,2,1025.1,4,3,3,10,Medium Value
13795,409.0,4,836.3,4,3,3,10,Medium Value
17740,410.0,6,426.9,4,2,4,10,Medium Value
14065,410.0,3,891.02,4,3,3,10,Medium Value
17544,411.0,3,960.69,4,3,3,10,Medium Value
18057,414.0,3,1203.56,4,3,3,10,Medium Value
16827,414.0,5,392.13,4,2,4,10,Medium Value
14922,415.0,2,843.74,4,3,3,10,Medium Value
12666,415.0,1,1248.42,4,4,2,10,Medium Value
15890,415.0,5,535.65,4,2,4,10,Medium Value
13945,416.0,2,854.15,4,3,3,10,Medium Value
17363,416.0,3,940.86,4,3,3,10,Medium Value
14899,416.0,1,1384.88,4,4,2,10,Medium Value
15617,417.0,3,828.55,4,3,3,10,Medium Value
15390,417.0,2,1216.66,4,3,3,10,Medium Value
16787,419.0,4,1035.43,4,3,3,10,Medium Value
15792,421.0,2,933.84,4,3,3,10,Medium Value
16391,421.0,4,1103.61,4,3,3,10,Medium Value
15481,422.0,1,1993.34,4,4,2,10,Medium Value
18141,423.0,2,882.47,4,3,3,10,Medium Value
14942,423.0,4,746.56,4,3,3,10,Medium Value
13921,423.0,4,730.7,4,3,3,10,Medium Value
17003,423.0,4,830.16,4,3,3,10,Medium Value
15879,425.0,4,1157.3,4,3,3,10,Medium Value
15887,428.0,3,1027.15,4,3,3,10,Medium Value
18060,429.0,2,1185.46,4,3,3,10,Medium Value
13713,429.0,3,743.26,4,3,3,10,Medium Value
15248,432.0,3,1893.93,5,3,2,10,Medium Value
12369,434.0,3,1791.15,5,3,2,10,Medium Value
14686,435.0,5,885.83,5,2,3,10,Medium Value
17137,437.0,6,1133.63,5,2,3,10,Medium Value
16854,438.0,2,1408.96,5,3,2,10,Medium Value
15934,439.0,2,2190.66,5,3,2,10,Medium Value
15817,442.0,3,2766.4,5,3,2,10,Medium Value
13696,443.0,3,2020.4,5,3,2,10,Medium Value
15151,444.0,2,2085.61,5,3,2,10,Medium Value
17635,445.0,3,1265.58,5,3,2,10,Medium Value
12511,450.0,1,3084.02,5,4,1,10,Medium Value
17127,450.0,5,1155.03,5,2,3,10,Medium Value
16300,451.0,3,1392.43,5,3,2,10,Medium Value
15420,455.0,6,743.0,5,2,3,10,Medium Value
14564,456.0,2,2605.62,5,3,2,10,Medium Value
15736,456.0,2,1815.72,5,3,2,10,Medium Value
14909,458.0,3,1404.68,5,3,2,10,Medium Value
14802,459.0,2,1502.98,5,3,2,10,Medium Value
13687,459.0,1,11880.84,5,4,1,10,Medium Value
17021,463.0,6,1182.22,5,2,3,10,Medium Value
13288,464.0,5,927.61,5,2,3,10,Medium Value
14370,472.0,6,1175.78,5,2,3,10,Medium Value
17132,473.0,2,1272.8,5,3,2,10,Medium Value
13613,473.0,5,1039.85,5,2,3,10,Medium Value
16860,474.0,3,1610.62,5,3,2,10,Medium Value
16608,475.0,2,1288.72,5,3,2,10,Medium Value
16993,484.0,2,1950.95,5,3,2,10,Medium Value
13361,493.0,2,1450.5,5,3,2,10,Medium Value
15003,494.0,6,1060.7,5,2,3,10,Medium Value
18286,498.0,2,1296.43,5,3,2,10,Medium Value
12687,501.0,2,2138.91,5,3,2,10,Medium Value
15798,514.0,3,1535.37,5,3,2,10,Medium Value
15077,516.0,2,2428.08,5,3,2,10,Medium Value
18026,522.0,2,2074.07,5,3,2,10,Medium Value
12813,523.0,3,1687.8,5,3,2,10,Medium Value
16894,523.0,3,1324.06,5,3,2,10,Medium Value
15946,523.0,3,2304.18,5,3,2,10,Medium Value
13371,526.0,2,2297.66,5,3,2,10,Medium Value
14695,540.0,3,1620.07,5,3,2,10,Medium Value
17332,549.0,5,838.27,5,2,3,10,Medium Value
15715,577.0,5,658.02,5,2,3,10,Medium Value
14938,583.0,2,2322.43,5,3,2,10,Medium Value
18052,586.0,1,10877.18,5,4,1,10,Medium Value
16088,597.0,2,1437.43,5,3,2,10,Medium Value
13407,599.0,3,2244.7,5,3,2,10,Medium Value
17028,602.0,3,1593.83,5,3,2,10,Medium Value
17681,618.0,5,731.2,5,2,3,10,Medium Value
13042,619.0,3,1556.54,5,3,2,10,Medium Value
12711,633.0,2,1339.05,5,3,2,10,Medium Value
12918,647.0,1,10953.5,5,4,1,10,Medium Value
12533,649.0,2,1367.89,5,3,2,10,Medium Value
13543,655.0,2,1439.61,5,3,2,10,Medium Value
13641,662.0,5,1016.47,5,2,3,10,Medium Value
16118,674.0,1,4376.25,5,4,1,10,Medium Value
14831,701.0,3,1676.57,5,3,2,10,Medium Value
16322,22.0,2,326.75,1,4,4,9,Medium Value
17668,22.0,2,347.75,1,4,4,9,Medium Value
13298,22.0,1,360.0,1,4,4,9,Medium Value
13954,22.0,2,439.92,1,4,4,9,Medium Value
15877,23.0,2,493.28,1,4,4,9,Medium Value
15883,23.0,2,396.48,1,4,4,9,Medium Value
17232,23.0,2,421.52,1,4,4,9,Medium Value
17503,24.0,2,558.96,1,4,4,9,Medium Value
17119,24.0,2,606.91,1,4,4,9,Medium Value
17250,24.0,2,384.52,1,4,4,9,Medium Value
17383,25.0,2,309.99,1,4,4,9,Medium Value
16968,25.0,2,439.43,1,4,4,9,Medium Value
13311,25.0,2,598.57,1,4,4,9,Medium Value
16811,26.0,2,547.07,1,4,4,9,Medium Value
16988,26.0,2,382.67,1,4,4,9,Medium Value
17936,26.0,1,389.84,1,4,4,9,Medium Value
13153,26.0,1,486.22,1,4,4,9,Medium Value
16561,27.0,2,511.12,1,4,4,9,Medium Value
14865,28.0,4,129.72,1,3,5,9,Medium Value
14023,28.0,2,584.07,1,4,4,9,Medium Value
15539,28.0,1,538.46,1,4,4,9,Medium Value
14287,29.0,3,176.63,1,3,5,9,Medium Value
18158,30.0,2,453.4,1,4,4,9,Medium Value
14385,30.0,3,202.11,1,3,5,9,Medium Value
17911,30.0,1,366.23,1,4,4,9,Medium Value
14448,30.0,2,375.35,1,4,4,9,Medium Value
14836,31.0,3,102.45,1,3,5,9,Medium Value
17468,31.0,3,194.8,1,3,5,9,Medium Value
13068,31.0,2,344.0,1,4,4,9,Medium Value
16479,31.0,2,300.83,1,4,4,9,Medium Value
13657,31.0,2,382.14,1,4,4,9,Medium Value
17711,32.0,2,385.1,1,4,4,9,Medium Value
12375,32.0,2,457.5,1,4,4,9,Medium Value
17806,32.0,1,546.04,1,4,4,9,Medium Value
17379,32.0,1,404.66,1,4,4,9,Medium Value
15540,32.0,2,460.68,1,4,4,9,Medium Value
12479,32.0,1,527.2,1,4,4,9,Medium Value
13844,32.0,1,361.62,1,4,4,9,Medium Value
15721,32.0,1,507.08,1,4,4,9,Medium Value
14093,33.0,1,442.85,1,4,4,9,Medium Value
17595,33.0,2,388.79,1,4,4,9,Medium Value
15054,33.0,2,302.1,1,4,4,9,Medium Value
14954,33.0,2,503.44,1,4,4,9,Medium Value
16616,36.0,2,500.42,1,4,4,9,Medium Value
15725,36.0,1,415.25,1,4,4,9,Medium Value
17767,36.0,2,413.05,1,4,4,9,Medium Value
17458,36.0,2,529.58,1,4,4,9,Medium Value
14539,37.0,2,537.48,1,4,4,9,Medium Value
14335,37.0,2,468.26,1,4,4,9,Medium Value
13899,37.0,2,388.52,1,4,4,9,Medium Value
14581,37.0,2,433.8,1,4,4,9,Medium Value
12452,38.0,2,430.57,1,4,4,9,Medium Value
15949,38.0,2,364.72,1,4,4,9,Medium Value
15634,38.0,2,554.65,1,4,4,9,Medium Value
16352,39.0,2,494.44,1,4,4,9,Medium Value
17453,39.0,2,486.72,1,4,4,9,Medium Value
16311,39.0,2,616.26,1,4,4,9,Medium Value
13403,39.0,3,229.5,1,3,5,9,Medium Value
15115,39.0,2,531.85,1,4,4,9,Medium Value
12904,39.0,2,509.58,1,4,4,9,Medium Value
13739,39.0,2,292.2,1,4,4,9,Medium Value
15163,39.0,2,304.47,1,4,4,9,Medium Value
15857,39.0,2,570.48,1,4,4,9,Medium Value
13673,39.0,2,396.92,1,4,4,9,Medium Value
12795,40.0,1,430.48,1,4,4,9,Medium Value
13832,40.0,2,613.69,1,4,4,9,Medium Value
18040,40.0,2,357.2,1,4,4,9,Medium Value
14950,40.0,1,371.2,1,4,4,9,Medium Value
17387,41.0,2,784.11,2,4,3,9,Medium Value
14664,41.0,2,637.89,2,4,3,9,Medium Value
14793,42.0,2,625.9,2,4,3,9,Medium Value
15368,42.0,2,722.74,2,4,3,9,Medium Value
12498,42.0,3,403.7,2,3,4,9,Medium Value
17286,42.0,3,395.48,2,3,4,9,Medium Value
12603,43.0,1,739.2,2,4,3,9,Medium Value
13171,43.0,3,468.41,2,3,4,9,Medium Value
13962,43.0,3,362.8,2,3,4,9,Medium Value
17985,43.0,1,634.95,2,4,3,9,Medium Value
13028,44.0,2,661.32,2,4,3,9,Medium Value
15124,44.0,4,450.82,2,3,4,9,Medium Value
17330,44.0,4,423.8,2,3,4,9,Medium Value
18059,44.0,3,306.46,2,3,4,9,Medium Value
16804,44.0,3,536.99,2,3,4,9,Medium Value
17680,44.0,3,497.45,2,3,4,9,Medium Value
13894,45.0,3,564.62,2,3,4,9,Medium Value
12890,45.0,2,717.27,2,4,3,9,Medium Value
15720,45.0,2,741.92,2,4,3,9,Medium Value
17564,45.0,3,454.01,2,3,4,9,Medium Value
13236,45.0,2,744.85,2,4,3,9,Medium Value
16478,46.0,3,331.0,2,3,4,9,Medium Value
16519,46.0,4,556.26,2,3,4,9,Medium Value
15781,46.0,3,345.46,2,3,4,9,Medium Value
18082,46.0,1,703.37,2,4,3,9,Medium Value
14862,47.0,2,841.2,2,4,3,9,Medium Value
14494,47.0,3,401.46,2,3,4,9,Medium Value
16930,47.0,3,380.55,2,3,4,9,Medium Value
13379,47.0,3,572.56,2,3,4,9,Medium Value
14784,47.0,3,449.93,2,3,4,9,Medium Value
15492,49.0,2,659.46,2,4,3,9,Medium Value
17295,50.0,3,556.95,2,3,4,9,Medium Value
12538,50.0,2,640.45,2,4,3,9,Medium Value
17573,50.0,3,380.6,2,3,4,9,Medium Value
17197,51.0,1,1013.01,2,4,3,9,Medium Value
17038,51.0,2,743.17,2,4,3,9,Medium Value
15103,52.0,2,703.36,2,4,3,9,Medium Value
16505,52.0,1,777.6,2,4,3,9,Medium Value
17964,53.0,2,733.46,2,4,3,9,Medium Value
14050,53.0,2,746.36,2,4,3,9,Medium Value
13710,53.0,3,509.52,2,3,4,9,Medium Value
15330,53.0,2,714.96,2,4,3,9,Medium Value
14929,53.0,2,836.69,2,4,3,9,Medium Value
18150,53.0,3,566.58,2,3,4,9,Medium Value
17761,54.0,1,712.78,2,4,3,9,Medium Value
13759,54.0,2,659.41,2,4,3,9,Medium Value
16488,54.0,3,498.8,2,3,4,9,Medium Value
17608,54.0,4,498.53,2,3,4,9,Medium Value
16445,54.0,4,602.73,2,3,4,9,Medium Value
14592,56.0,3,570.46,2,3,4,9,Medium Value
17233,56.0,3,560.86,2,3,4,9,Medium Value
14150,57.0,2,658.64,2,4,3,9,Medium Value
18081,57.0,3,343.45,2,3,4,9,Medium Value
16602,57.0,2,763.33,2,4,3,9,Medium Value
13721,57.0,2,741.54,2,4,3,9,Medium Value
14815,58.0,2,778.5,2,4,3,9,Medium Value
17816,58.0,6,112.32,2,2,5,9,Medium Value
18104,58.0,1,754.64,2,4,3,9,Medium Value
16706,58.0,3,531.35,2,3,4,9,Medium Value
15576,58.0,1,940.67,2,4,3,9,Medium Value
16747,59.0,2,836.06,2,4,3,9,Medium Value
18270,59.0,3,444.55,2,3,4,9,Medium Value
15018,59.0,3,607.46,2,3,4,9,Medium Value
17733,60.0,2,692.19,2,4,3,9,Medium Value
16127,60.0,2,801.31,2,4,3,9,Medium Value
15748,61.0,3,614.76,2,3,4,9,Medium Value
14179,61.0,2,719.78,2,4,3,9,Medium Value
13812,63.0,3,539.0,2,3,4,9,Medium Value
14716,64.0,3,565.45,2,3,4,9,Medium Value
17459,64.0,2,657.3,2,4,3,9,Medium Value
15659,65.0,3,532.49,2,3,4,9,Medium Value
12879,65.0,3,573.22,2,3,4,9,Medium Value
16056,66.0,1,664.85,2,4,3,9,Medium Value
17928,66.0,3,341.24,2,3,4,9,Medium Value
17917,66.0,3,341.28,2,3,4,9,Medium Value
16708,66.0,1,656.63,2,4,3,9,Medium Value
14731,68.0,3,380.02,2,3,4,9,Medium Value
13974,70.0,2,677.72,2,4,3,9,Medium Value
14923,72.0,1,749.1,2,4,3,9,Medium Value
16260,72.0,1,1035.45,2,4,3,9,Medium Value
13669,72.0,3,413.55,2,3,4,9,Medium Value
15006,72.0,2,825.14,2,4,3,9,Medium Value
14273,72.0,4,559.97,2,3,4,9,Medium Value
12596,72.0,2,618.27,2,4,3,9,Medium Value
14381,73.0,2,631.34,2,4,3,9,Medium Value
12611,73.0,1,1193.32,2,4,3,9,Medium Value
14015,74.0,1,917.34,2,4,3,9,Medium Value
16932,74.0,3,440.71,2,3,4,9,Medium Value
17785,74.0,3,403.38,2,3,4,9,Medium Value
15066,74.0,1,893.59,2,4,3,9,Medium Value
16737,74.0,2,835.2,2,4,3,9,Medium Value
15440,75.0,3,383.68,2,3,4,9,Medium Value
17771,78.0,4,387.41,2,3,4,9,Medium Value
18228,78.0,2,779.9,2,4,3,9,Medium Value
17181,78.0,3,465.37,2,3,4,9,Medium Value
16773,78.0,3,421.24,2,3,4,9,Medium Value
13853,78.0,1,1090.14,2,4,3,9,Medium Value
12446,78.0,1,1002.31,2,4,3,9,Medium Value
13827,78.0,3,412.05,2,3,4,9,Medium Value
14537,79.0,2,641.4,2,4,3,9,Medium Value
12667,79.0,1,620.13,2,4,3,9,Medium Value
13865,79.0,4,501.56,2,3,4,9,Medium Value
14761,79.0,3,447.92,2,3,4,9,Medium Value
13109,81.0,3,1134.03,3,3,3,9,Medium Value
16136,81.0,4,946.8,3,3,3,9,Medium Value
12607,81.0,1,1579.51,3,4,2,9,Medium Value
14529,81.0,3,620.04,3,3,3,9,Medium Value
15886,81.0,4,1052.87,3,3,3,9,Medium Value
14128,82.0,3,924.21,3,3,3,9,Medium Value
16380,82.0,1,1780.59,3,4,2,9,Medium Value
16518,82.0,4,959.37,3,3,3,9,Medium Value
12492,84.0,3,715.21,3,3,3,9,Medium Value
12885,84.0,3,1175.22,3,3,3,9,Medium Value
13169,84.0,3,840.08,3,3,3,9,Medium Value
15706,85.0,4,1060.56,3,3,3,9,Medium Value
13359,85.0,2,1043.31,3,3,3,9,Medium Value
14959,85.0,4,695.42,3,3,3,9,Medium Value
15766,85.0,3,831.06,3,3,3,9,Medium Value
12923,85.0,3,789.87,3,3,3,9,Medium Value
15264,85.0,2,848.4,3,3,3,9,Medium Value
13422,85.0,1,2626.3,3,4,2,9,Medium Value
13602,86.0,4,1025.17,3,3,3,9,Medium Value
16160,86.0,2,1025.44,3,3,3,9,Medium Value
15244,86.0,3,912.08,3,3,3,9,Medium Value
15276,87.0,4,649.53,3,3,3,9,Medium Value
16882,88.0,3,705.12,3,3,3,9,Medium Value
12413,88.0,4,999.45,3,3,3,9,Medium Value
16183,88.0,4,1077.81,3,3,3,9,Medium Value
15091,88.0,3,1046.61,3,3,3,9,Medium Value
14193,89.0,3,1210.19,3,3,3,9,Medium Value
12822,92.0,2,948.88,3,3,3,9,Medium Value
12703,92.0,4,1006.53,3,3,3,9,Medium Value
17724,92.0,3,1033.0,3,3,3,9,Medium Value
14475,93.0,4,1151.15,3,3,3,9,Medium Value
13741,93.0,3,668.43,3,3,3,9,Medium Value
17513,93.0,3,1158.8,3,3,3,9,Medium Value
16321,93.0,7,604.55,3,2,4,9,Medium Value
13016,94.0,3,789.89,3,3,3,9,Medium Value
17805,95.0,2,927.03,3,3,3,9,Medium Value
17788,95.0,2,1117.9,3,3,3,9,Medium Value
14272,95.0,4,920.81,3,3,3,9,Medium Value
13514,95.0,4,815.9,3,3,3,9,Medium Value
16468,95.0,3,787.52,3,3,3,9,Medium Value
15243,95.0,2,927.28,3,3,3,9,Medium Value
17674,95.0,2,851.7,3,3,3,9,Medium Value
13233,95.0,4,1176.46,3,3,3,9,Medium Value
15626,96.0,3,1067.52,3,3,3,9,Medium Value
16198,96.0,2,1030.04,3,3,3,9,Medium Value
12545,96.0,2,1000.39,3,3,3,9,Medium Value
14561,96.0,3,1080.76,3,3,3,9,Medium Value
14880,98.0,3,706.19,3,3,3,9,Medium Value
16978,98.0,3,768.88,3,3,3,9,Medium Value
17480,99.0,2,902.03,3,3,3,9,Medium Value
13486,99.0,3,1122.41,3,3,3,9,Medium Value
17172,100.0,3,956.57,3,3,3,9,Medium Value
14887,100.0,1,1862.0,3,4,2,9,Medium Value
13038,101.0,3,908.46,3,3,3,9,Medium Value
18017,102.0,4,688.0,3,3,3,9,Medium Value
17058,103.0,3,1179.89,3,3,3,9,Medium Value
15947,104.0,1,1708.24,3,4,2,9,Medium Value
12871,105.0,3,744.02,3,3,3,9,Medium Value
12434,105.0,3,1103.43,3,3,3,9,Medium Value
17846,106.0,1,2033.1,3,4,2,9,Medium Value
12722,106.0,4,997.63,3,3,3,9,Medium Value
14753,108.0,2,869.51,3,3,3,9,Medium Value
17037,108.0,1,1267.32,3,4,2,9,Medium Value
16451,109.0,3,1013.15,3,3,3,9,Medium Value
16141,109.0,2,955.94,3,3,3,9,Medium Value
16211,109.0,3,1090.59,3,3,3,9,Medium Value
15198,113.0,5,571.35,3,2,4,9,Medium Value
14223,113.0,3,991.13,3,3,3,9,Medium Value
13925,113.0,4,678.25,3,3,3,9,Medium Value
15653,114.0,2,877.44,3,3,3,9,Medium Value
15488,114.0,5,431.92,3,2,4,9,Medium Value
13122,115.0,2,922.39,3,3,3,9,Medium Value
15462,115.0,4,737.05,3,3,3,9,Medium Value
13744,116.0,2,1156.36,3,3,3,9,Medium Value
12616,116.0,3,1131.1,3,3,3,9,Medium Value
15364,117.0,2,913.19,3,3,3,9,Medium Value
13548,117.0,3,908.99,3,3,3,9,Medium Value
12710,118.0,3,1149.02,3,3,3,9,Medium Value
14463,119.0,4,786.57,3,3,3,9,Medium Value
13376,120.0,3,1019.76,3,3,3,9,Medium Value
13045,120.0,3,808.92,3,3,3,9,Medium Value
16278,121.0,3,1117.84,3,3,3,9,Medium Value
16806,124.0,4,801.49,3,3,3,9,Medium Value
13778,124.0,4,1124.49,3,3,3,9,Medium Value
13301,125.0,4,618.09,3,3,3,9,Medium Value
13000,128.0,4,1032.5,3,3,3,9,Medium Value
17134,128.0,3,637.1,3,3,3,9,Medium Value
17256,128.0,5,498.93,3,2,4,9,Medium Value
17398,136.0,3,653.38,3,3,3,9,Medium Value
16902,137.0,1,1706.88,3,4,2,9,Medium Value
16961,137.0,3,794.56,3,3,3,9,Medium Value
13720,137.0,4,799.9,3,3,3,9,Medium Value
17958,137.0,2,973.88,3,3,3,9,Medium Value
18143,137.0,2,1000.16,3,3,3,9,Medium Value
14024,143.0,3,645.74,3,3,3,9,Medium Value
13217,143.0,4,666.48,3,3,3,9,Medium Value
15247,143.0,3,976.06,3,3,3,9,Medium Value
13513,148.0,3,824.59,3,3,3,9,Medium Value
16572,148.0,3,1009.6,3,3,3,9,Medium Value
15254,148.0,3,1088.35,3,3,3,9,Medium Value
13850,150.0,1,1595.48,3,4,2,9,Medium Value
14133,151.0,4,911.14,3,3,3,9,Medium Value
12942,152.0,3,942.65,3,3,3,9,Medium Value
13388,152.0,3,1185.65,3,3,3,9,Medium Value
15639,155.0,3,1065.08,3,3,3,9,Medium Value
16696,156.0,4,657.9,3,3,3,9,Medium Value
16447,156.0,3,775.14,3,3,3,9,Medium Value
17312,160.0,3,644.3,3,3,3,9,Medium Value
17962,163.0,4,687.42,3,3,3,9,Medium Value
17866,164.0,3,1134.95,3,3,3,9,Medium Value
15713,164.0,4,1010.79,3,3,3,9,Medium Value
12815,169.0,2,1063.46,3,3,3,9,Medium Value
14891,169.0,4,1106.73,3,3,3,9,Medium Value
12915,170.0,4,1174.75,3,3,3,9,Medium Value
12405,170.0,1,1710.39,3,4,2,9,Medium Value
16998,171.0,5,402.0,3,2,4,9,Medium Value
15577,172.0,5,397.98,3,2,4,9,Medium Value
18037,175.0,15,167.42,3,1,5,9,Medium Value
12648,176.0,4,1112.0,3,3,3,9,Medium Value
14645,178.0,3,876.89,3,3,3,9,Medium Value
14352,178.0,4,1078.96,3,3,3,9,Medium Value
16146,178.0,4,946.38,3,3,3,9,Medium Value
18142,178.0,2,1019.52,3,3,3,9,Medium Value
16344,179.0,4,842.42,3,3,3,9,Medium Value
17464,179.0,3,1000.94,3,3,3,9,Medium Value
14338,182.0,3,928.1,3,3,3,9,Medium Value
17123,183.0,3,977.17,3,3,3,9,Medium Value
14803,183.0,3,845.55,3,3,3,9,Medium Value
13656,186.0,4,1078.85,3,3,3,9,Medium Value
18193,186.0,3,1207.35,3,3,3,9,Medium Value
17980,186.0,4,1033.42,3,3,3,9,Medium Value
13453,187.0,3,781.69,3,3,3,9,Medium Value
15644,187.0,4,813.0,3,3,3,9,Medium Value
17704,190.0,2,885.19,3,3,3,9,Medium Value
13937,190.0,2,880.13,3,3,3,9,Medium Value
14998,191.0,4,770.73,3,3,3,9,Medium Value
15921,194.0,4,802.11,3,3,3,9,Medium Value
13005,195.0,4,999.68,3,3,3,9,Medium Value
17616,195.0,4,1060.8,3,3,3,9,Medium Value
13951,197.0,3,674.45,3,3,3,9,Medium Value
17749,199.0,3,1026.18,3,3,3,9,Medium Value
13936,201.0,3,939.66,3,3,3,9,Medium Value
16614,204.0,3,1179.79,3,3,3,9,Medium Value
14231,205.0,4,1235.62,3,3,3,9,Medium Value
13811,205.0,3,814.5,3,3,3,9,Medium Value
16832,205.0,5,417.61,3,2,4,9,Medium Value
13395,206.0,3,1180.23,3,3,3,9,Medium Value
17707,206.0,8,609.3,3,2,4,9,Medium Value
14375,206.0,3,1132.99,3,3,3,9,Medium Value
17708,209.0,4,887.93,3,3,3,9,Medium Value
12601,211.0,6,681.26,4,2,3,9,Medium Value
13294,211.0,3,1689.53,4,3,2,9,Medium Value
17531,211.0,3,1266.82,4,3,2,9,Medium Value
18190,213.0,5,745.62,4,2,3,9,Medium Value
12426,215.0,2,1345.21,4,3,2,9,Medium Value
16034,217.0,6,928.72,4,2,3,9,Medium Value
16275,217.0,3,2151.11,4,3,2,9,Medium Value
17770,219.0,5,1143.27,4,2,3,9,Medium Value
17955,220.0,6,949.9,4,2,3,9,Medium Value
18202,220.0,3,1396.99,4,3,2,9,Medium Value
13223,221.0,6,969.12,4,2,3,9,Medium Value
16226,224.0,5,672.17,4,2,3,9,Medium Value
17871,226.0,5,1118.99,4,2,3,9,Medium Value
15813,229.0,2,1303.91,4,3,2,9,Medium Value
16244,233.0,2,2579.38,4,3,2,9,Medium Value
17889,233.0,7,774.87,4,2,3,9,Medium Value
14920,234.0,3,1607.17,4,3,2,9,Medium Value
16306,234.0,7,1192.82,4,2,3,9,Medium Value
13723,238.0,6,1209.2,4,2,3,9,Medium Value
12414,238.0,6,952.41,4,2,3,9,Medium Value
17604,238.0,6,945.93,4,2,3,9,Medium Value
17578,239.0,7,1047.33,4,2,3,9,Medium Value
15759,239.0,7,830.93,4,2,3,9,Medium Value
17849,239.0,8,1063.76,4,2,3,9,Medium Value
14245,241.0,2,1693.45,4,3,2,9,Medium Value
14304,244.0,3,1725.01,4,3,2,9,Medium Value
16698,248.0,2,1998.0,4,3,2,9,Medium Value
12573,248.0,5,717.41,4,2,3,9,Medium Value
12585,255.0,2,2040.1,4,3,2,9,Medium Value
16947,257.0,5,955.21,4,2,3,9,Medium Value
12639,259.0,3,1312.37,4,3,2,9,Medium Value
17362,260.0,7,1024.04,4,2,3,9,Medium Value
14619,267.0,2,1291.24,4,3,2,9,Medium Value
16586,270.0,3,1462.78,4,3,2,9,Medium Value
13462,274.0,5,1153.85,4,2,3,9,Medium Value
16980,276.0,3,1473.33,4,3,2,9,Medium Value
13803,276.0,3,1338.91,4,3,2,9,Medium Value
12811,282.0,5,1033.9,4,2,3,9,Medium Value
14693,285.0,7,1165.36,4,2,3,9,Medium Value
16256,287.0,3,1629.37,4,3,2,9,Medium Value
16716,288.0,3,2149.68,4,3,2,9,Medium Value
12514,288.0,2,1597.76,4,3,2,9,Medium Value
16377,288.0,2,1308.48,4,3,2,9,Medium Value
16917,298.0,2,1857.83,4,3,2,9,Medium Value
14247,299.0,5,772.66,4,2,3,9,Medium Value
12873,303.0,3,2027.3,4,3,2,9,Medium Value
16792,303.0,5,623.46,4,2,3,9,Medium Value
13501,309.0,3,2885.11,4,3,2,9,Medium Value
17499,311.0,2,1341.39,4,3,2,9,Medium Value
13151,316.0,3,2580.74,4,3,2,9,Medium Value
14935,318.0,2,2849.83,4,3,2,9,Medium Value
14176,318.0,5,916.01,4,2,3,9,Medium Value
17358,324.0,5,866.05,4,2,3,9,Medium Value
13800,330.0,3,1679.56,4,3,2,9,Medium Value
17356,333.0,5,946.47,4,2,3,9,Medium Value
17062,335.0,6,1208.22,4,2,3,9,Medium Value
12591,338.0,3,1352.15,4,3,2,9,Medium Value
15661,338.0,8,1215.95,4,2,3,9,Medium Value
16222,339.0,2,1345.22,4,3,2,9,Medium Value
16387,344.0,5,918.55,4,2,3,9,Medium Value
15266,359.0,5,852.21,4,2,3,9,Medium Value
16282,361.0,3,1307.58,4,3,2,9,Medium Value
15224,379.0,5,871.36,4,2,3,9,Medium Value
16795,386.0,3,2492.39,4,3,2,9,Medium Value
14437,387.0,5,958.84,4,2,3,9,Medium Value
16658,389.0,6,814.07,4,2,3,9,Medium Value
12791,395.0,6,1056.11,4,2,3,9,Medium Value
18074,395.0,2,1509.04,4,3,2,9,Medium Value
17281,395.0,6,797.85,4,2,3,9,Medium Value
17814,396.0,2,1617.32,4,3,2,9,Medium Value
12870,396.0,3,1676.95,4,3,2,9,Medium Value
17322,397.0,5,922.59,4,2,3,9,Medium Value
14454,397.0,5,977.3,4,2,3,9,Medium Value
13019,400.0,6,1229.95,4,2,3,9,Medium Value
18025,400.0,6,1177.72,4,2,3,9,Medium Value
16699,401.0,7,994.6,4,2,3,9,Medium Value
16155,402.0,5,796.9,4,2,3,9,Medium Value
14679,403.0,3,1289.44,4,3,2,9,Medium Value
14994,403.0,5,960.63,4,2,3,9,Medium Value
16946,404.0,5,1222.04,4,2,3,9,Medium Value
13156,406.0,3,1586.54,4,3,2,9,Medium Value
12629,407.0,2,1558.22,4,3,2,9,Medium Value
13665,407.0,3,1711.66,4,3,2,9,Medium Value
16314,410.0,3,1491.4,4,3,2,9,Medium Value
13293,413.0,6,1192.94,4,2,3,9,Medium Value
16199,413.0,7,942.75,4,2,3,9,Medium Value
13857,414.0,6,1001.01,4,2,3,9,Medium Value
14615,415.0,5,951.76,4,2,3,9,Medium Value
17726,416.0,7,1092.06,4,2,3,9,Medium Value
14275,417.0,6,1189.38,4,2,3,9,Medium Value
15441,417.0,3,1254.21,4,3,2,9,Medium Value
13377,417.0,2,1552.88,4,3,2,9,Medium Value
13154,420.0,3,1624.84,4,3,2,9,Medium Value
12389,424.0,3,1433.33,4,3,2,9,Medium Value
14490,427.0,2,1273.47,4,3,2,9,Medium Value
17853,428.0,3,1608.19,4,3,2,9,Medium Value
16129,428.0,3,1396.05,4,3,2,9,Medium Value
17478,429.0,2,1272.8,4,3,2,9,Medium Value
15876,430.0,2,1449.14,4,3,2,9,Medium Value
12926,432.0,4,1548.46,5,2,2,9,Medium Value
12960,435.0,4,1322.07,5,2,2,9,Medium Value
16167,435.0,5,1386.12,5,2,2,9,Medium Value
14469,437.0,4,2112.21,5,2,2,9,Medium Value
13152,438.0,7,2146.38,5,2,2,9,Medium Value
17822,441.0,5,2188.5,5,2,2,9,Medium Value
15202,441.0,3,6001.49,5,3,1,9,Medium Value
16176,442.0,4,2052.69,5,2,2,9,Medium Value
14316,443.0,5,1370.34,5,2,2,9,Medium Value
17851,443.0,6,1563.34,5,2,2,9,Medium Value
16772,444.0,3,3723.55,5,3,1,9,Medium Value
13440,444.0,7,1295.25,5,2,2,9,Medium Value
17465,447.0,7,2542.79,5,2,2,9,Medium Value
14186,448.0,5,1550.63,5,2,2,9,Medium Value
16329,448.0,4,1703.07,5,2,2,9,Medium Value
14492,451.0,7,1921.91,5,2,2,9,Medium Value
13920,452.0,4,1774.68,5,2,2,9,Medium Value
13360,452.0,4,1553.65,5,2,2,9,Medium Value
16331,453.0,6,2037.7,5,2,2,9,Medium Value
14225,456.0,4,2037.02,5,2,2,9,Medium Value
12806,456.0,4,2878.96,5,2,2,9,Medium Value
12975,458.0,6,2100.09,5,2,2,9,Medium Value
14634,459.0,4,2124.46,5,2,2,9,Medium Value
14933,465.0,4,1770.0,5,2,2,9,Medium Value
13443,469.0,6,1280.16,5,2,2,9,Medium Value
15629,471.0,4,2240.9,5,2,2,9,Medium Value
16032,477.0,6,1970.45,5,2,2,9,Medium Value
15972,477.0,5,1810.27,5,2,2,9,Medium Value
15141,479.0,7,1388.47,5,2,2,9,Medium Value
13916,485.0,4,1275.81,5,2,2,9,Medium Value
18258,485.0,6,2059.67,5,2,2,9,Medium Value
16290,486.0,4,2069.3,5,2,2,9,Medium Value
13478,490.0,5,2215.78,5,2,2,9,Medium Value
12765,493.0,6,1404.58,5,2,2,9,Medium Value
16004,496.0,5,2146.39,5,2,2,9,Medium Value
16631,503.0,7,1892.52,5,2,2,9,Medium Value
13783,509.0,4,1542.09,5,2,2,9,Medium Value
12737,519.0,2,3710.5,5,3,1,9,Medium Value
13855,522.0,4,1310.34,5,2,2,9,Medium Value
16736,527.0,5,2956.56,5,2,2,9,Medium Value
16467,530.0,7,2869.16,5,2,2,9,Medium Value
13074,532.0,4,1378.74,5,2,2,9,Medium Value
16158,543.0,9,628.32,5,1,3,9,Medium Value
12469,543.0,2,3070.54,5,3,1,9,Medium Value
18214,552.0,4,1780.34,5,2,2,9,Medium Value
12932,560.0,8,1698.56,5,2,2,9,Medium Value
17610,561.0,5,1529.49,5,2,2,9,Medium Value
14028,571.0,3,10396.5,5,3,1,9,Medium Value
16335,573.0,7,2774.0,5,2,2,9,Medium Value
16067,583.0,3,3395.29,5,3,1,9,Medium Value
17113,595.0,6,2322.59,5,2,2,9,Medium Value
12549,596.0,6,1575.68,5,2,2,9,Medium Value
16749,612.0,2,4387.08,5,3,1,9,Medium Value
13935,618.0,3,6116.92,5,3,1,9,Medium Value
15911,644.0,8,1702.34,5,2,2,9,Medium Value
16296,647.0,4,1313.67,5,2,2,9,Medium Value
15760,652.0,2,13916.34,5,3,1,9,Medium Value
18051,655.0,7,2282.28,5,2,2,9,Medium Value
14091,675.0,2,9530.08,5,3,1,9,Medium Value
12713,21.0,1,848.55,1,4,3,8,Medium Value
15344,22.0,3,563.94,1,3,4,8,Medium Value
14569,22.0,4,598.98,1,3,4,8,Medium Value
17830,22.0,3,398.7,1,3,4,8,Medium Value
18273,23.0,4,357.0,1,3,4,8,Medium Value
17835,24.0,3,350.64,1,3,4,8,Medium Value
14910,24.0,4,434.35,1,3,4,8,Medium Value
12478,25.0,1,680.99,1,4,3,8,Medium Value
15274,25.0,2,716.57,1,4,3,8,Medium Value
13083,25.0,3,395.43,1,3,4,8,Medium Value
16851,25.0,3,342.45,1,3,4,8,Medium Value
17254,25.0,3,470.73,1,3,4,8,Medium Value
16149,26.0,3,422.22,1,3,4,8,Medium Value
12719,26.0,2,644.95,1,4,3,8,Medium Value
15773,26.0,2,774.52,1,4,3,8,Medium Value
12827,26.0,3,430.15,1,3,4,8,Medium Value
13822,26.0,2,632.0,1,4,3,8,Medium Value
13596,26.0,2,697.04,1,4,3,8,Medium Value
13558,27.0,4,605.06,1,3,4,8,Medium Value
14594,28.0,2,634.83,1,4,3,8,Medium Value
16038,28.0,3,471.78,1,3,4,8,Medium Value
17014,29.0,3,586.33,1,3,4,8,Medium Value
15060,29.0,4,303.09,1,3,4,8,Medium Value
13040,30.0,2,676.99,1,4,3,8,Medium Value
17736,30.0,3,377.44,1,3,4,8,Medium Value
15467,30.0,3,524.88,1,3,4,8,Medium Value
12953,31.0,2,828.81,1,4,3,8,Medium Value
13428,31.0,3,499.98,1,3,4,8,Medium Value
15239,31.0,2,780.59,1,4,3,8,Medium Value
15206,31.0,4,420.3,1,3,4,8,Medium Value
17466,31.0,2,763.28,1,4,3,8,Medium Value
17772,32.0,3,384.77,1,3,4,8,Medium Value
13496,32.0,2,653.33,1,4,3,8,Medium Value
13928,32.0,4,464.57,1,3,4,8,Medium Value
16800,32.0,1,1201.49,1,4,3,8,Medium Value
16364,33.0,2,707.04,1,4,3,8,Medium Value
13914,33.0,2,626.45,1,4,3,8,Medium Value
16024,33.0,3,484.2,1,3,4,8,Medium Value
17557,35.0,4,575.46,1,3,4,8,Medium Value
13525,35.0,2,628.78,1,4,3,8,Medium Value
16856,36.0,3,358.49,1,3,4,8,Medium Value
17727,36.0,1,1060.25,1,4,3,8,Medium Value
13207,36.0,4,535.86,1,3,4,8,Medium Value
16596,37.0,4,579.63,1,3,4,8,Medium Value
12465,38.0,2,742.19,1,4,3,8,Medium Value
12920,38.0,4,488.09,1,3,4,8,Medium Value
13247,39.0,4,501.12,1,3,4,8,Medium Value
16406,40.0,3,552.68,1,3,4,8,Medium Value
12658,40.0,1,686.05,1,4,3,8,Medium Value
13430,40.0,2,679.45,1,4,3,8,Medium Value
17384,40.0,3,507.55,1,3,4,8,Medium Value
17425,40.0,2,759.17,1,4,3,8,Medium Value
13565,40.0,3,414.8,1,3,4,8,Medium Value
18127,40.0,4,561.53,1,3,4,8,Medium Value
15745,40.0,4,1094.59,2,3,3,8,Medium Value
16411,40.0,4,910.19,2,3,3,8,Medium Value
15988,40.0,3,770.09,2,3,3,8,Medium Value
14359,40.0,3,912.18,2,3,3,8,Medium Value
16533,40.0,3,1095.56,2,3,3,8,Medium Value
17561,40.0,4,722.34,2,3,3,8,Medium Value
13212,40.0,3,788.08,2,3,3,8,Medium Value
15919,41.0,2,910.61,2,3,3,8,Medium Value
17779,42.0,3,658.57,2,3,3,8,Medium Value
15933,42.0,3,1107.46,2,3,3,8,Medium Value
15088,42.0,2,1160.07,2,3,3,8,Medium Value
16924,42.0,3,846.75,2,3,3,8,Medium Value
18034,42.0,3,793.7,2,3,3,8,Medium Value
16414,43.0,5,559.71,2,2,4,8,Medium Value
17163,43.0,4,699.78,2,3,3,8,Medium Value
12427,43.0,3,1129.3,2,3,3,8,Medium Value
14234,43.0,4,775.46,2,3,3,8,Medium Value
16009,43.0,4,992.71,2,3,3,8,Medium Value
16070,43.0,2,852.15,2,3,3,8,Medium Value
17397,43.0,3,1233.18,2,3,3,8,Medium Value
14034,43.0,3,651.82,2,3,3,8,Medium Value
16869,43.0,4,825.42,2,3,3,8,Medium Value
17461,44.0,3,757.46,2,3,3,8,Medium Value
18006,44.0,4,997.86,2,3,3,8,Medium Value
12991,44.0,3,764.82,2,3,3,8,Medium Value
14851,44.0,3,829.41,2,3,3,8,Medium Value
16204,44.0,3,944.24,2,3,3,8,Medium Value
13447,44.0,3,1129.14,2,3,3,8,Medium Value
15900,44.0,4,900.4,2,3,3,8,Medium Value
16916,44.0,4,1123.4,2,3,3,8,Medium Value
12640,45.0,3,1174.58,2,3,3,8,Medium Value
18246,45.0,3,758.82,2,3,3,8,Medium Value
17198,45.0,3,1213.88,2,3,3,8,Medium Value
15269,45.0,3,1225.36,2,3,3,8,Medium Value
15679,45.0,4,781.28,2,3,3,8,Medium Value
18123,45.0,3,684.59,2,3,3,8,Medium Value
14714,45.0,4,906.24,2,3,3,8,Medium Value
18043,45.0,3,875.97,2,3,3,8,Medium Value
17777,45.0,3,665.86,2,3,3,8,Medium Value
15582,46.0,3,682.91,2,3,3,8,Medium Value
12883,46.0,4,703.47,2,3,3,8,Medium Value
12642,46.0,3,1013.26,2,3,3,8,Medium Value
14953,46.0,4,1013.77,2,3,3,8,Medium Value
15863,46.0,5,358.7,2,2,4,8,Medium Value
14902,47.0,3,1035.62,2,3,3,8,Medium Value
18263,47.0,3,1213.16,2,3,3,8,Medium Value
12689,47.0,2,1247.61,2,3,3,8,Medium Value
18211,47.0,5,600.07,2,2,4,8,Medium Value
16720,47.0,3,795.48,2,3,3,8,Medium Value
14382,47.0,2,1246.8,2,3,3,8,Medium Value
15449,47.0,3,974.52,2,3,3,8,Medium Value
15787,47.0,3,948.05,2,3,3,8,Medium Value
16460,49.0,3,814.72,2,3,3,8,Medium Value
16386,49.0,3,1102.59,2,3,3,8,Medium Value
12697,50.0,3,957.59,2,3,3,8,Medium Value
16903,50.0,3,1062.28,2,3,3,8,Medium Value
15238,50.0,3,1071.99,2,3,3,8,Medium Value
15184,50.0,4,689.95,2,3,3,8,Medium Value
12844,50.0,4,648.6,2,3,3,8,Medium Value
18217,50.0,4,945.04,2,3,3,8,Medium Value
18125,50.0,4,1142.99,2,3,3,8,Medium Value
17537,51.0,2,897.62,2,3,3,8,Medium Value
12541,51.0,3,981.18,2,3,3,8,Medium Value
14240,51.0,3,1247.49,2,3,3,8,Medium Value
17011,51.0,3,671.7,2,3,3,8,Medium Value
16751,52.0,1,1764.72,2,4,2,8,Medium Value
14108,52.0,4,1044.96,2,3,3,8,Medium Value
13046,52.0,3,949.25,2,3,3,8,Medium Value
16284,52.0,3,1029.77,2,3,3,8,Medium Value
13867,52.0,3,1015.29,2,3,3,8,Medium Value
17313,52.0,1,2328.84,2,4,2,8,Medium Value
16863,52.0,3,998.52,2,3,3,8,Medium Value
15406,52.0,4,975.87,2,3,3,8,Medium Value
15957,52.0,3,930.1,2,3,3,8,Medium Value
15763,53.0,2,1086.92,2,3,3,8,Medium Value
16637,53.0,4,1154.47,2,3,3,8,Medium Value
15870,54.0,4,862.61,2,3,3,8,Medium Value
17430,54.0,4,735.17,2,3,3,8,Medium Value
15618,54.0,4,776.85,2,3,3,8,Medium Value
16357,54.0,4,868.37,2,3,3,8,Medium Value
15025,54.0,2,1013.09,2,3,3,8,Medium Value
15839,54.0,3,1048.49,2,3,3,8,Medium Value
12638,54.0,2,921.49,2,3,3,8,Medium Value
15407,55.0,4,1056.44,2,3,3,8,Medium Value
15952,55.0,4,806.57,2,3,3,8,Medium Value
14971,56.0,3,1116.57,2,3,3,8,Medium Value
17703,56.0,4,1094.84,2,3,3,8,Medium Value
15707,56.0,4,945.58,2,3,3,8,Medium Value
16887,56.0,3,660.72,2,3,3,8,Medium Value
17979,56.0,4,757.71,2,3,3,8,Medium Value
17653,57.0,4,1207.56,2,3,3,8,Medium Value
17999,58.0,3,730.9,2,3,3,8,Medium Value
16884,59.0,4,1073.92,2,3,3,8,Medium Value
14383,59.0,3,1247.69,2,3,3,8,Medium Value
16830,60.0,4,1207.5,2,3,3,8,Medium Value
13726,60.0,2,1079.66,2,3,3,8,Medium Value
12588,60.0,4,958.78,2,3,3,8,Medium Value
16018,60.0,4,698.13,2,3,3,8,Medium Value
16969,60.0,3,650.41,2,3,3,8,Medium Value
16836,61.0,4,782.37,2,3,3,8,Medium Value
13103,61.0,3,709.64,2,3,3,8,Medium Value
13607,61.0,2,1078.31,2,3,3,8,Medium Value
15669,61.0,4,684.34,2,3,3,8,Medium Value
15385,61.0,3,942.08,2,3,3,8,Medium Value
15376,61.0,3,1233.36,2,3,3,8,Medium Value
14077,61.0,6,615.08,2,2,4,8,Medium Value
17255,61.0,4,799.13,2,3,3,8,Medium Value
16601,62.0,3,684.25,2,3,3,8,Medium Value
17418,63.0,3,670.06,2,3,3,8,Medium Value
16648,64.0,3,672.8,2,3,3,8,Medium Value
16680,64.0,3,821.45,2,3,3,8,Medium Value
13416,65.0,3,940.8,2,3,3,8,Medium Value
16345,65.0,2,1198.74,2,3,3,8,Medium Value
15835,65.0,4,954.09,2,3,3,8,Medium Value
14690,65.0,4,794.33,2,3,3,8,Medium Value
16415,65.0,3,719.44,2,3,3,8,Medium Value
16071,66.0,4,1076.8,2,3,3,8,Medium Value
13601,66.0,4,1185.14,2,3,3,8,Medium Value
15656,66.0,4,748.5,2,3,3,8,Medium Value
12398,67.0,1,1635.66,2,4,2,8,Medium Value
16023,67.0,3,719.81,2,3,3,8,Medium Value
15068,67.0,4,1176.85,2,3,3,8,Medium Value
16728,67.0,4,1054.67,2,3,3,8,Medium Value
15806,67.0,3,784.58,2,3,3,8,Medium Value
15801,67.0,3,1063.95,2,3,3,8,Medium Value
17423,67.0,3,1118.95,2,3,3,8,Medium Value
14139,67.0,4,1086.8,2,3,3,8,Medium Value
14997,67.0,4,776.6,2,3,3,8,Medium Value
12546,67.0,2,1161.5,2,3,3,8,Medium Value
14504,68.0,4,673.26,2,3,3,8,Medium Value
13918,70.0,2,1212.84,2,3,3,8,Medium Value
12403,71.0,2,1019.36,2,3,3,8,Medium Value
15469,71.0,3,874.25,2,3,3,8,Medium Value
13897,71.0,3,1160.72,2,3,3,8,Medium Value
14484,71.0,4,1070.98,2,3,3,8,Medium Value
16846,71.0,3,842.41,2,3,3,8,Medium Value
13245,72.0,2,989.22,2,3,3,8,Medium Value
14261,72.0,2,1163.45,2,3,3,8,Medium Value
16621,73.0,4,813.48,2,3,3,8,Medium Value
17934,73.0,3,1049.15,2,3,3,8,Medium Value
13805,73.0,2,924.6,2,3,3,8,Medium Value
16730,73.0,3,743.11,2,3,3,8,Medium Value
16734,73.0,3,650.51,2,3,3,8,Medium Value
13637,73.0,3,810.5,2,3,3,8,Medium Value
12794,74.0,2,860.41,2,3,3,8,Medium Value
17205,74.0,3,999.35,2,3,3,8,Medium Value
17527,74.0,4,939.37,2,3,3,8,Medium Value
15012,74.0,3,860.62,2,3,3,8,Medium Value
17201,75.0,4,1242.04,2,3,3,8,Medium Value
12475,75.0,2,1149.64,2,3,3,8,Medium Value
15994,75.0,3,1202.18,2,3,3,8,Medium Value
13034,75.0,3,922.68,2,3,3,8,Medium Value
12940,75.0,2,913.54,2,3,3,8,Medium Value
18160,78.0,3,1003.88,2,3,3,8,Medium Value
17169,79.0,3,1156.73,2,3,3,8,Medium Value
15831,79.0,3,801.76,2,3,3,8,Medium Value
12679,79.0,4,1113.02,2,3,3,8,Medium Value
17064,80.0,3,859.35,2,3,3,8,Medium Value
13517,81.0,3,2128.42,3,3,2,8,Medium Value
16861,81.0,5,946.59,3,2,3,8,Medium Value
13224,81.0,2,2155.95,3,3,2,8,Medium Value
13980,81.0,5,799.92,3,2,3,8,Medium Value
15211,81.0,2,1277.48,3,3,2,8,Medium Value
17214,81.0,6,1069.12,3,2,3,8,Medium Value
16385,81.0,5,1030.61,3,2,3,8,Medium Value
16354,84.0,5,1129.51,3,2,3,8,Medium Value
13689,84.0,2,1259.5,3,3,2,8,Medium Value
12394,85.0,2,1272.48,3,3,2,8,Medium Value
16184,85.0,6,1158.79,3,2,3,8,Medium Value
13023,85.0,3,1449.03,3,3,2,8,Medium Value
16895,85.0,5,1121.42,3,2,3,8,Medium Value
17382,86.0,8,902.28,3,2,3,8,Medium Value
16140,86.0,3,1557.6,3,3,2,8,Medium Value
15181,87.0,5,1200.2,3,2,3,8,Medium Value
16441,88.0,5,1034.43,3,2,3,8,Medium Value
12886,89.0,2,1378.4,3,3,2,8,Medium Value
13344,89.0,3,2543.72,3,3,2,8,Medium Value
16693,90.0,5,1199.46,3,2,3,8,Medium Value
12694,91.0,3,1843.35,3,3,2,8,Medium Value
14164,91.0,2,1631.77,3,3,2,8,Medium Value
18204,92.0,3,1993.7,3,3,2,8,Medium Value
14681,92.0,6,875.15,3,2,3,8,Medium Value
12728,92.0,5,1070.17,3,2,3,8,Medium Value
14305,92.0,3,1858.96,3,3,2,8,Medium Value
16574,92.0,3,1301.78,3,3,2,8,Medium Value
12372,92.0,3,1298.04,3,3,2,8,Medium Value
18235,93.0,3,1796.48,3,3,2,8,Medium Value
14947,93.0,6,1049.79,3,2,3,8,Medium Value
16122,94.0,6,1001.34,3,2,3,8,Medium Value
14818,95.0,6,1170.41,3,2,3,8,Medium Value
13035,95.0,3,1364.2,3,3,2,8,Medium Value
13405,95.0,6,1213.81,3,2,3,8,Medium Value
13639,95.0,2,1346.27,3,3,2,8,Medium Value
15154,96.0,3,1388.41,3,3,2,8,Medium Value
18066,96.0,3,1440.4,3,3,2,8,Medium Value
13787,96.0,6,1222.5,3,2,3,8,Medium Value
16872,98.0,6,1213.13,3,2,3,8,Medium Value
14014,98.0,3,1948.21,3,3,2,8,Medium Value
18189,98.0,3,1403.73,3,3,2,8,Medium Value
12425,99.0,2,1741.41,3,3,2,8,Medium Value
13959,100.0,6,1076.18,3,2,3,8,Medium Value
15026,101.0,5,1061.61,3,2,3,8,Medium Value
15341,102.0,2,2402.72,3,3,2,8,Medium Value
16527,102.0,2,1272.44,3,3,2,8,Medium Value
12752,102.0,1,4366.78,3,4,1,8,Medium Value
12527,103.0,5,735.51,3,2,3,8,Medium Value
14894,106.0,3,1492.81,3,3,2,8,Medium Value
15322,107.0,2,1390.86,3,3,2,8,Medium Value
17919,109.0,2,1840.32,3,3,2,8,Medium Value
13375,110.0,2,1792.23,3,3,2,8,Medium Value
14212,110.0,2,2190.14,3,3,2,8,Medium Value
13814,113.0,3,2257.32,3,3,2,8,Medium Value
14513,122.0,6,788.01,3,2,3,8,Medium Value
16842,122.0,3,1264.19,3,3,2,8,Medium Value
17298,122.0,5,957.56,3,2,3,8,Medium Value
15074,126.0,3,1566.33,3,3,2,8,Medium Value
17189,127.0,5,957.63,3,2,3,8,Medium Value
14055,127.0,3,1520.96,3,3,2,8,Medium Value
14687,128.0,3,1402.06,3,3,2,8,Medium Value
17869,128.0,7,1036.16,3,2,3,8,Medium Value
14973,128.0,3,1314.45,3,3,2,8,Medium Value
16340,128.0,3,1526.06,3,3,2,8,Medium Value
15800,128.0,7,1242.58,3,2,3,8,Medium Value
14875,128.0,3,2862.4,3,3,2,8,Medium Value
13140,129.0,5,1215.68,3,2,3,8,Medium Value
16952,130.0,5,798.78,3,2,3,8,Medium Value
14013,131.0,5,1084.57,3,2,3,8,Medium Value
14246,132.0,3,1474.06,3,3,2,8,Medium Value
13242,133.0,7,699.4,3,2,3,8,Medium Value
17045,134.0,5,827.68,3,2,3,8,Medium Value
12688,135.0,1,4873.81,3,4,1,8,Medium Value
13873,141.0,8,1038.92,3,2,3,8,Medium Value
13791,149.0,2,1516.0,3,3,2,8,Medium Value
17615,151.0,6,733.2,3,2,3,8,Medium Value
14885,152.0,3,1598.12,3,3,2,8,Medium Value
17926,154.0,5,1035.49,3,2,3,8,Medium Value
16951,155.0,3,1277.75,3,3,2,8,Medium Value
13492,157.0,3,1269.84,3,3,2,8,Medium Value
15855,158.0,6,1052.72,3,2,3,8,Medium Value
13296,158.0,6,792.51,3,2,3,8,Medium Value
17649,159.0,3,1578.89,3,3,2,8,Medium Value
17935,159.0,7,686.14,3,2,3,8,Medium Value
16948,159.0,7,868.77,3,2,3,8,Medium Value
17694,163.0,3,1695.97,3,3,2,8,Medium Value
17984,166.0,5,1191.27,3,2,3,8,Medium Value
14958,168.0,6,957.94,3,2,3,8,Medium Value
17444,168.0,3,2940.04,3,3,2,8,Medium Value
14847,170.0,3,1348.95,3,3,2,8,Medium Value
14400,170.0,3,1732.47,3,3,2,8,Medium Value
16450,171.0,3,1505.73,3,3,2,8,Medium Value
12669,172.0,3,2744.03,3,3,2,8,Medium Value
12717,172.0,3,1308.91,3,3,2,8,Medium Value
15920,175.0,9,571.64,3,1,4,8,Medium Value
16398,175.0,2,1705.8,3,3,2,8,Medium Value
14104,175.0,5,771.58,3,2,3,8,Medium Value
13583,177.0,2,1445.03,3,3,2,8,Medium Value
12450,177.0,5,688.2,3,2,3,8,Medium Value
15646,179.0,5,974.61,3,2,3,8,Medium Value
14267,184.0,3,1516.24,3,3,2,8,Medium Value
15146,185.0,2,1327.16,3,3,2,8,Medium Value
14656,190.0,5,814.65,3,2,3,8,Medium Value
13300,190.0,3,1285.51,3,3,2,8,Medium Value
17709,191.0,5,671.01,3,2,3,8,Medium Value
16287,191.0,5,1006.98,3,2,3,8,Medium Value
15016,193.0,5,630.3,3,2,3,8,Medium Value
15076,194.0,3,1447.74,3,3,2,8,Medium Value
15535,194.0,6,1087.82,3,2,3,8,Medium Value
16805,195.0,5,1097.24,3,2,3,8,Medium Value
14037,197.0,6,836.95,3,2,3,8,Medium Value
16276,198.0,3,2629.39,3,3,2,8,Medium Value
16461,198.0,3,1615.22,3,3,2,8,Medium Value
12809,199.0,3,1755.94,3,3,2,8,Medium Value
17349,200.0,5,852.25,3,2,3,8,Medium Value
14450,202.0,7,1128.44,3,2,3,8,Medium Value
13466,205.0,5,1013.35,3,2,3,8,Medium Value
17854,206.0,6,1071.45,3,2,3,8,Medium Value
17987,206.0,5,1003.64,3,2,3,8,Medium Value
17874,206.0,6,683.46,3,2,3,8,Medium Value
14512,208.0,7,1223.47,3,2,3,8,Medium Value
15508,210.0,6,1000.27,3,2,3,8,Medium Value
16529,211.0,4,2012.0,4,2,2,8,Medium Value
15658,211.0,8,2423.47,4,2,2,8,Medium Value
13475,212.0,4,1431.78,4,2,2,8,Medium Value
17152,215.0,4,2016.5,4,2,2,8,Medium Value
16889,216.0,6,2530.9,4,2,2,8,Medium Value
13135,218.0,2,3371.45,4,3,1,8,Medium Value
15882,220.0,8,1495.98,4,2,2,8,Medium Value
14195,223.0,6,2615.6,4,2,2,8,Medium Value
13243,224.0,5,1278.04,4,2,2,8,Medium Value
14896,226.0,8,2092.42,4,2,2,8,Medium Value
13531,226.0,6,1738.52,4,2,2,8,Medium Value
14320,228.0,5,1346.75,4,2,2,8,Medium Value
14489,228.0,4,1574.93,4,2,2,8,Medium Value
12770,232.0,2,3246.45,4,3,1,8,Medium Value
14000,232.0,5,2046.34,4,2,2,8,Medium Value
12590,232.0,2,9864.26,4,3,1,8,Medium Value
14988,232.0,7,2066.6,4,2,2,8,Medium Value
16943,233.0,5,1299.49,4,2,2,8,Medium Value
15381,235.0,5,1890.57,4,2,2,8,Medium Value
16756,236.0,7,1312.37,4,2,2,8,Medium Value
18239,239.0,6,2150.36,4,2,2,8,Medium Value
16714,240.0,4,1529.8,4,2,2,8,Medium Value
13762,240.0,5,2472.48,4,2,2,8,Medium Value
16634,243.0,6,1814.61,4,2,2,8,Medium Value
15223,247.0,5,1417.95,4,2,2,8,Medium Value
18220,248.0,6,1921.76,4,2,2,8,Medium Value
16823,248.0,7,2260.09,4,2,2,8,Medium Value
16163,253.0,6,2849.58,4,2,2,8,Medium Value
12733,255.0,4,2424.87,4,2,2,8,Medium Value
18009,256.0,8,2155.83,4,2,2,8,Medium Value
15749,256.0,3,44534.3,4,3,1,8,Medium Value
12754,257.0,3,3010.74,4,3,1,8,Medium Value
17582,257.0,5,1450.7,4,2,2,8,Medium Value
17990,258.0,6,1527.61,4,2,2,8,Medium Value
12582,260.0,4,1980.4,4,2,2,8,Medium Value
17142,260.0,4,1283.75,4,2,2,8,Medium Value
13740,262.0,5,1597.77,4,2,2,8,Medium Value
15777,262.0,7,1762.61,4,2,2,8,Medium Value
12982,264.0,8,2744.81,4,2,2,8,Medium Value
14220,268.0,4,1515.0,4,2,2,8,Medium Value
16105,270.0,5,2386.19,4,2,2,8,Medium Value
17438,275.0,5,1422.77,4,2,2,8,Medium Value
14479,275.0,4,1299.11,4,2,2,8,Medium Value
16692,277.0,4,1914.7,4,2,2,8,Medium Value
13649,278.0,6,1678.88,4,2,2,8,Medium Value
18071,279.0,6,1428.63,4,2,2,8,Medium Value
14256,281.0,5,2473.99,4,2,2,8,Medium Value
14870,283.0,6,1838.95,4,2,2,8,Medium Value
13239,283.0,5,1594.69,4,2,2,8,Medium Value
16619,285.0,4,1938.33,4,2,2,8,Medium Value
16096,285.0,4,1584.97,4,2,2,8,Medium Value
16037,291.0,5,1509.34,4,2,2,8,Medium Value
14114,295.0,7,1364.09,4,2,2,8,Medium Value
16625,295.0,5,1654.03,4,2,2,8,Medium Value
15944,298.0,4,2164.24,4,2,2,8,Medium Value
13382,302.0,5,1387.58,4,2,2,8,Medium Value
13497,304.0,6,1320.33,4,2,2,8,Medium Value
17165,305.0,6,1794.32,4,2,2,8,Medium Value
13753,308.0,4,2094.57,4,2,2,8,Medium Value
13819,323.0,6,2642.35,4,2,2,8,Medium Value
14431,324.0,4,2614.2,4,2,2,8,Medium Value
15107,332.0,9,940.35,4,1,3,8,Medium Value
14850,333.0,7,1794.01,4,2,2,8,Medium Value
14496,333.0,7,2668.23,4,2,2,8,Medium Value
18095,333.0,5,2303.09,4,2,2,8,Medium Value
13506,337.0,5,1639.2,4,2,2,8,Medium Value
16124,338.0,4,1772.49,4,2,2,8,Medium Value
14130,340.0,4,1882.67,4,2,2,8,Medium Value
14068,341.0,4,1528.37,4,2,2,8,Medium Value
15167,341.0,5,1659.67,4,2,2,8,Medium Value
17714,342.0,5,1410.18,4,2,2,8,Medium Value
15422,344.0,7,1619.97,4,2,2,8,Medium Value
12402,344.0,6,1256.9,4,2,2,8,Medium Value
17862,344.0,4,1279.09,4,2,2,8,Medium Value
18106,350.0,6,1461.46,4,2,2,8,Medium Value
18085,351.0,4,1645.75,4,2,2,8,Medium Value
15326,355.0,5,1700.52,4,2,2,8,Medium Value
15100,355.0,7,2894.7,4,2,2,8,Medium Value
15649,357.0,4,2170.35,4,2,2,8,Medium Value
15279,376.0,5,1580.54,4,2,2,8,Medium Value
17343,376.0,6,1259.94,4,2,2,8,Medium Value
12967,379.0,3,4306.92,4,3,1,8,Medium Value
13874,379.0,7,2049.15,4,2,2,8,Medium Value
15789,379.0,6,1962.01,4,2,2,8,Medium Value
17496,380.0,4,1412.89,4,2,2,8,Medium Value
16499,381.0,8,2578.34,4,2,2,8,Medium Value
16812,381.0,4,2392.0,4,2,2,8,Medium Value
16727,385.0,4,1437.42,4,2,2,8,Medium Value
17978,386.0,4,1461.76,4,2,2,8,Medium Value
16065,386.0,8,2382.62,4,2,2,8,Medium Value
15347,387.0,4,1363.6,4,2,2,8,Medium Value
15221,387.0,4,2465.45,4,2,2,8,Medium Value
14821,388.0,7,1286.45,4,2,2,8,Medium Value
12725,392.0,4,2694.56,4,2,2,8,Medium Value
16926,392.0,5,1421.35,4,2,2,8,Medium Value
15823,393.0,3,3897.17,4,3,1,8,Medium Value
16510,393.0,6,2100.0,4,2,2,8,Medium Value
17732,394.0,8,2470.39,4,2,2,8,Medium Value
13065,394.0,5,1260.91,4,2,2,8,Medium Value
17908,395.0,5,1411.54,4,2,2,8,Medium Value
17150,398.0,6,1375.65,4,2,2,8,Medium Value
15580,398.0,8,1381.19,4,2,2,8,Medium Value
15638,400.0,6,2265.2,4,2,2,8,Medium Value
15476,401.0,4,2209.98,4,2,2,8,Medium Value
13554,401.0,7,1638.28,4,2,2,8,Medium Value
15173,402.0,7,1494.6,4,2,2,8,Medium Value
12805,402.0,4,1434.95,4,2,2,8,Medium Value
14478,403.0,4,1276.66,4,2,2,8,Medium Value
15590,403.0,5,1496.6,4,2,2,8,Medium Value
12978,406.0,5,2502.82,4,2,2,8,Medium Value
16588,407.0,4,1361.28,4,2,2,8,Medium Value
16087,410.0,5,1739.92,4,2,2,8,Medium Value
16797,414.0,5,1827.77,4,2,2,8,Medium Value
17308,414.0,2,4511.76,4,3,1,8,Medium Value
13202,415.0,7,1580.3,4,2,2,8,Medium Value
14399,415.0,8,2113.16,4,2,2,8,Medium Value
17876,421.0,3,3424.02,4,3,1,8,Medium Value
15425,421.0,4,1944.57,4,2,2,8,Medium Value
13648,421.0,8,1764.02,4,2,2,8,Medium Value
14136,422.0,5,1570.81,4,2,2,8,Medium Value
15439,426.0,4,1269.05,4,2,2,8,Medium Value
15064,431.0,4,1254.41,4,2,2,8,Medium Value
13214,439.0,7,3264.23,5,2,1,8,Medium Value
16336,441.0,4,3517.69,5,2,1,8,Medium Value
12986,450.0,10,2729.84,5,1,2,8,Medium Value
15614,459.0,4,3147.36,5,2,1,8,Medium Value
16636,459.0,4,3802.04,5,2,1,8,Medium Value
15751,481.0,11,1380.44,5,1,2,8,Medium Value
16197,490.0,9,2016.71,5,1,2,8,Medium Value
15013,508.0,10,1641.3,5,1,2,8,Medium Value
15015,522.0,13,2365.02,5,1,2,8,Medium Value
13734,529.0,4,6701.64,5,2,1,8,Medium Value
17145,534.0,4,3120.91,5,2,1,8,Medium Value
15538,559.0,6,3358.4,5,2,1,8,Medium Value
17032,568.0,8,3004.6,5,2,1,8,Medium Value
14160,631.0,7,8421.47,5,2,1,8,Medium Value
13902,653.0,5,34095.26,5,2,1,8,Medium Value
15413,713.0,5,6798.72,5,2,1,8,Medium Value
12680,21.0,4,880.81,1,3,3,7,Medium Value
12985,22.0,2,1239.38,1,3,3,7,Medium Value
13318,22.0,3,640.76,1,3,3,7,Medium Value
15156,22.0,3,961.49,1,3,3,7,Medium Value
17144,22.0,2,984.57,1,3,3,7,Medium Value
17405,22.0,3,1031.41,1,3,3,7,Medium Value
13521,22.0,3,1093.65,1,3,3,7,Medium Value
15399,22.0,3,815.77,1,3,3,7,Medium Value
14138,22.0,2,982.38,1,3,3,7,Medium Value
17436,22.0,5,534.06,1,2,4,7,Medium Value
13314,22.0,3,775.94,1,3,3,7,Medium Value
17266,23.0,5,517.73,1,2,4,7,Medium Value
14204,23.0,4,1062.96,1,3,3,7,Medium Value
16368,23.0,3,640.21,1,3,3,7,Medium Value
14087,23.0,3,846.22,1,3,3,7,Medium Value
15568,24.0,3,758.29,1,3,3,7,Medium Value
14141,24.0,4,915.13,1,3,3,7,Medium Value
16495,24.0,3,684.41,1,3,3,7,Medium Value
15907,24.0,3,967.45,1,3,3,7,Medium Value
15992,25.0,3,896.6,1,3,3,7,Medium Value
16015,25.0,3,705.39,1,3,3,7,Medium Value
14140,25.0,2,935.05,1,3,3,7,Medium Value
12716,25.0,2,1053.49,1,3,3,7,Medium Value
15145,25.0,4,1194.73,1,3,3,7,Medium Value
14629,25.0,2,959.01,1,3,3,7,Medium Value
13079,25.0,6,419.18,1,2,4,7,Medium Value
14219,25.0,3,633.83,1,3,3,7,Medium Value
12994,25.0,3,974.42,1,3,3,7,Medium Value
15097,25.0,3,908.35,1,3,3,7,Medium Value
12628,25.0,3,786.46,1,3,3,7,Medium Value
17579,25.0,4,753.28,1,3,3,7,Medium Value
15053,25.0,3,697.79,1,3,3,7,Medium Value
16642,26.0,3,1077.45,1,3,3,7,Medium Value
12925,26.0,3,729.33,1,3,3,7,Medium Value
16513,26.0,4,874.59,1,3,3,7,Medium Value
16535,26.0,3,1001.59,1,3,3,7,Medium Value
12673,26.0,3,1230.02,1,3,3,7,Medium Value
14720,26.0,3,663.81,1,3,3,7,Medium Value
14788,28.0,3,1156.32,1,3,3,7,Medium Value
13780,28.0,3,735.82,1,3,3,7,Medium Value
16759,28.0,3,789.79,1,3,3,7,Medium Value
17495,28.0,3,806.72,1,3,3,7,Medium Value
14126,29.0,4,1172.46,1,3,3,7,Medium Value
17566,29.0,2,901.21,1,3,3,7,Medium Value
15500,29.0,4,1131.56,1,3,3,7,Medium Value
16376,30.0,2,987.01,1,3,3,7,Medium Value
12572,30.0,2,1020.42,1,3,3,7,Medium Value
15951,30.0,3,1013.17,1,3,3,7,Medium Value
13255,30.0,3,904.46,1,3,3,7,Medium Value
17502,30.0,4,689.1,1,3,3,7,Medium Value
15654,30.0,2,922.53,1,3,3,7,Medium Value
16361,30.0,4,896.66,1,3,3,7,Medium Value
16657,31.0,4,933.62,1,3,3,7,Medium Value
15414,31.0,3,774.9,1,3,3,7,Medium Value
12787,31.0,4,862.18,1,3,3,7,Medium Value
18058,31.0,3,774.06,1,3,3,7,Medium Value
15297,31.0,3,641.94,1,3,3,7,Medium Value
13147,31.0,4,712.8,1,3,3,7,Medium Value
14452,31.0,4,665.59,1,3,3,7,Medium Value
14173,32.0,6,586.0,1,2,4,7,Medium Value
12654,32.0,5,601.98,1,2,4,7,Medium Value
13467,32.0,2,1083.71,1,3,3,7,Medium Value
13429,32.0,4,1006.8,1,3,3,7,Medium Value
17237,32.0,4,1002.08,1,3,3,7,Medium Value
13950,32.0,4,745.06,1,3,3,7,Medium Value
13030,32.0,2,1227.22,1,3,3,7,Medium Value
13389,32.0,3,797.96,1,3,3,7,Medium Value
17523,32.0,4,652.74,1,3,3,7,Medium Value
14470,33.0,3,712.04,1,3,3,7,Medium Value
15436,33.0,3,1122.53,1,3,3,7,Medium Value
18112,33.0,4,775.96,1,3,3,7,Medium Value
18156,33.0,2,941.17,1,3,3,7,Medium Value
14111,35.0,4,692.85,1,3,3,7,Medium Value
15872,36.0,4,795.68,1,3,3,7,Medium Value
15428,36.0,4,762.75,1,3,3,7,Medium Value
16566,36.0,5,614.66,1,2,4,7,Medium Value
18130,36.0,3,1059.39,1,3,3,7,Medium Value
16885,36.0,4,710.74,1,3,3,7,Medium Value
16824,36.0,3,686.24,1,3,3,7,Medium Value
16157,37.0,3,656.69,1,3,3,7,Medium Value
13277,37.0,7,523.3,1,2,4,7,Medium Value
16343,37.0,3,687.07,1,3,3,7,Medium Value
15743,37.0,4,784.46,1,3,3,7,Medium Value
13350,37.0,2,979.12,1,3,3,7,Medium Value
16653,37.0,2,1212.66,1,3,3,7,Medium Value
18084,37.0,3,812.93,1,3,3,7,Medium Value
14675,37.0,2,1066.9,1,3,3,7,Medium Value
16020,38.0,3,851.01,1,3,3,7,Medium Value
16900,38.0,3,887.11,1,3,3,7,Medium Value
16185,38.0,3,644.72,1,3,3,7,Medium Value
12936,38.0,4,1063.9,1,3,3,7,Medium Value
13940,38.0,4,839.14,1,3,3,7,Medium Value
16164,38.0,3,822.48,1,3,3,7,Medium Value
17500,38.0,3,1138.0,1,3,3,7,Medium Value
15977,38.0,2,1054.73,1,3,3,7,Medium Value
13569,38.0,4,893.78,1,3,3,7,Medium Value
13681,39.0,4,827.83,1,3,3,7,Medium Value
17100,39.0,2,971.74,1,3,3,7,Medium Value
12504,39.0,4,779.05,1,3,3,7,Medium Value
15645,40.0,3,1055.17,1,3,3,7,Medium Value
17664,40.0,4,1166.23,1,3,3,7,Medium Value
12462,40.0,2,1189.59,1,3,3,7,Medium Value
18080,40.0,2,1231.5,1,3,3,7,Medium Value
16399,40.0,3,641.82,1,3,3,7,Medium Value
13200,40.0,4,870.09,1,3,3,7,Medium Value
15533,40.0,3,807.57,1,3,3,7,Medium Value
13427,40.0,6,1006.53,2,2,3,7,Medium Value
17555,40.0,5,1057.74,2,2,3,7,Medium Value
16784,40.0,5,896.53,2,2,3,7,Medium Value
16464,40.0,3,1314.68,2,3,2,7,Medium Value
16762,41.0,3,1501.38,2,3,2,7,Medium Value
14157,41.0,5,1002.78,2,2,3,7,Medium Value
14342,42.0,6,918.44,2,2,3,7,Medium Value
17760,43.0,6,918.93,2,2,3,7,Medium Value
14508,43.0,5,874.94,2,2,3,7,Medium Value
15287,43.0,5,856.03,2,2,3,7,Medium Value
12847,43.0,2,1636.9,2,3,2,7,Medium Value
17080,43.0,7,957.53,2,2,3,7,Medium Value
16298,44.0,7,1085.7,2,2,3,7,Medium Value
14948,44.0,6,1101.97,2,2,3,7,Medium Value
18167,44.0,3,1384.86,2,3,2,7,Medium Value
13575,44.0,5,732.07,2,2,3,7,Medium Value
16669,44.0,3,1374.87,2,3,2,7,Medium Value
16469,44.0,5,828.91,2,2,3,7,Medium Value
16245,45.0,3,1413.66,2,3,2,7,Medium Value
18181,45.0,5,1205.94,2,2,3,7,Medium Value
13835,46.0,7,1095.27,2,2,3,7,Medium Value
17081,46.0,6,964.39,2,2,3,7,Medium Value
13549,47.0,8,1005.8,2,2,3,7,Medium Value
16898,47.0,5,1016.37,2,2,3,7,Medium Value
15599,48.0,3,1250.06,2,3,2,7,Medium Value
12691,49.0,7,1170.4,2,2,3,7,Medium Value
13091,49.0,3,2321.82,2,3,2,7,Medium Value
16671,49.0,3,1692.27,2,3,2,7,Medium Value
17015,50.0,3,1842.56,2,3,2,7,Medium Value
13727,50.0,8,1080.05,2,2,3,7,Medium Value
13810,50.0,3,1499.01,2,3,2,7,Medium Value
17932,50.0,3,1331.57,2,3,2,7,Medium Value
13396,50.0,2,1360.99,2,3,2,7,Medium Value
17977,50.0,2,1565.63,2,3,2,7,Medium Value
14921,51.0,2,1316.07,2,3,2,7,Medium Value
14214,52.0,5,1004.38,2,2,3,7,Medium Value
14284,52.0,3,1299.65,2,3,2,7,Medium Value
12990,52.0,7,955.5,2,2,3,7,Medium Value
15573,53.0,5,1207.18,2,2,3,7,Medium Value
16362,53.0,6,946.94,2,2,3,7,Medium Value
14387,53.0,3,1770.56,2,3,2,7,Medium Value
14080,54.0,5,1115.68,2,2,3,7,Medium Value
15427,54.0,3,1483.14,2,3,2,7,Medium Value
13365,54.0,2,2225.37,2,3,2,7,Medium Value
12397,57.0,2,2409.9,2,3,2,7,Medium Value
17076,57.0,6,1242.75,2,2,3,7,Medium Value
14856,57.0,3,1311.38,2,3,2,7,Medium Value
13636,58.0,5,949.12,2,2,3,7,Medium Value
12808,58.0,5,906.1,2,2,3,7,Medium Value
16367,58.0,3,1362.4,2,3,2,7,Medium Value
16014,58.0,5,1130.27,2,2,3,7,Medium Value
15847,59.0,5,822.57,2,2,3,7,Medium Value
13292,60.0,5,994.51,2,2,3,7,Medium Value
13544,61.0,6,829.0,2,2,3,7,Medium Value
13186,61.0,3,1575.89,2,3,2,7,Medium Value
17373,61.0,7,1167.5,2,2,3,7,Medium Value
15478,61.0,3,2024.98,2,3,2,7,Medium Value
13524,61.0,5,680.18,2,2,3,7,Medium Value
16102,63.0,3,1842.14,2,3,2,7,Medium Value
14412,64.0,3,1426.19,2,3,2,7,Medium Value
17878,65.0,3,1412.33,2,3,2,7,Medium Value
16750,65.0,5,623.93,2,2,3,7,Medium Value
16418,65.0,5,1101.94,2,2,3,7,Medium Value
16188,65.0,5,1087.66,2,2,3,7,Medium Value
15630,66.0,3,1481.4,2,3,2,7,Medium Value
17317,67.0,3,2600.34,2,3,2,7,Medium Value
13165,67.0,3,1451.16,2,3,2,7,Medium Value
14474,67.0,2,1278.08,2,3,2,7,Medium Value
16491,68.0,2,1533.16,2,3,2,7,Medium Value
14019,68.0,3,1421.61,2,3,2,7,Medium Value
13598,68.0,5,789.59,2,2,3,7,Medium Value
17361,70.0,5,880.64,2,2,3,7,Medium Value
15677,70.0,3,1305.63,2,3,2,7,Medium Value
17420,71.0,6,1084.43,2,2,3,7,Medium Value
13573,71.0,6,916.47,2,2,3,7,Medium Value
14585,71.0,5,1143.27,2,2,3,7,Medium Value
16593,71.0,8,1071.14,2,2,3,7,Medium Value
15664,72.0,4,1254.03,2,3,2,7,Medium Value
17007,72.0,7,1120.1,2,2,3,7,Medium Value
15468,72.0,3,1430.48,2,3,2,7,Medium Value
14798,74.0,8,724.31,2,2,3,7,Medium Value
15678,74.0,3,1893.89,2,3,2,7,Medium Value
15637,74.0,5,797.59,2,2,3,7,Medium Value
16412,74.0,5,647.23,2,2,3,7,Medium Value
14937,77.0,3,1621.88,2,3,2,7,Medium Value
14567,78.0,2,1530.36,2,3,2,7,Medium Value
14976,78.0,7,790.86,2,2,3,7,Medium Value
16430,78.0,7,1117.94,2,2,3,7,Medium Value
14624,78.0,6,814.07,2,2,3,7,Medium Value
13487,78.0,5,846.87,2,2,3,7,Medium Value
14775,79.0,3,1418.46,2,3,2,7,Medium Value
18277,79.0,5,1180.05,2,2,3,7,Medium Value
16203,79.0,6,1114.54,2,2,3,7,Medium Value
13919,80.0,4,1360.68,3,2,2,7,Medium Value
13627,80.0,7,2245.9,3,2,2,7,Medium Value
17284,81.0,8,2793.16,3,2,2,7,Medium Value
15128,81.0,5,1783.68,3,2,2,7,Medium Value
14201,81.0,10,1193.54,3,1,3,7,Medium Value
13473,82.0,8,2657.76,3,2,2,7,Medium Value
15304,82.0,9,919.55,3,1,3,7,Medium Value
17648,82.0,5,2216.37,3,2,2,7,Medium Value
14665,82.0,7,2749.65,3,2,2,7,Medium Value
17025,82.0,5,1510.64,3,2,2,7,Medium Value
16595,82.0,5,1810.18,3,2,2,7,Medium Value
18136,84.0,5,1631.36,3,2,2,7,Medium Value
13763,84.0,3,5217.44,3,3,1,7,Medium Value
13276,84.0,5,1939.26,3,2,2,7,Medium Value
15815,84.0,5,2100.6,3,2,2,7,Medium Value
13587,84.0,4,1673.5,3,2,2,7,Medium Value
13049,85.0,4,1408.24,3,2,2,7,Medium Value
13591,85.0,7,2093.94,3,2,2,7,Medium Value
14538,86.0,5,1370.84,3,2,2,7,Medium Value
14396,86.0,7,2121.93,3,2,2,7,Medium Value
14389,86.0,5,1898.01,3,2,2,7,Medium Value
17222,86.0,6,1605.01,3,2,2,7,Medium Value
16040,86.0,7,2416.9,3,2,2,7,Medium Value
15730,86.0,5,1726.58,3,2,2,7,Medium Value
15757,86.0,6,2940.36,3,2,2,7,Medium Value
13989,87.0,5,2026.06,3,2,2,7,Medium Value
16374,87.0,5,1771.45,3,2,2,7,Medium Value
15339,87.0,7,1827.84,3,2,2,7,Medium Value
16774,88.0,8,1594.45,3,2,2,7,Medium Value
14644,89.0,7,2247.72,3,2,2,7,Medium Value
15579,89.0,5,1302.5,3,2,2,7,Medium Value
15774,89.0,6,1329.94,3,2,2,7,Medium Value
12842,91.0,4,1917.99,3,2,2,7,Medium Value
13764,91.0,6,2953.26,3,2,2,7,Medium Value
17572,92.0,10,723.01,3,1,3,7,Medium Value
15062,92.0,8,2585.62,3,2,2,7,Medium Value
12458,92.0,4,1777.49,3,2,2,7,Medium Value
13503,92.0,6,1905.39,3,2,2,7,Medium Value
15030,93.0,8,1979.91,3,2,2,7,Medium Value
16650,93.0,7,1916.11,3,2,2,7,Medium Value
12393,93.0,6,2399.45,3,2,2,7,Medium Value
17950,93.0,7,1432.81,3,2,2,7,Medium Value
16281,93.0,3,3424.02,3,3,1,7,Medium Value
13515,94.0,6,1265.82,3,2,2,7,Medium Value
16681,94.0,7,1921.84,3,2,2,7,Medium Value
17591,94.0,8,2776.67,3,2,2,7,Medium Value
17656,94.0,5,1674.69,3,2,2,7,Medium Value
12987,94.0,5,1312.21,3,2,2,7,Medium Value
17997,95.0,8,1970.67,3,2,2,7,Medium Value
13434,95.0,5,1666.86,3,2,2,7,Medium Value
12412,96.0,6,2596.93,3,2,2,7,Medium Value
15366,96.0,7,2389.08,3,2,2,7,Medium Value
12348,96.0,5,2019.4,3,2,2,7,Medium Value
14152,96.0,7,1997.34,3,2,2,7,Medium Value
15799,96.0,4,1424.29,3,2,2,7,Medium Value
15549,98.0,8,2345.96,3,2,2,7,Medium Value
16485,98.0,5,2294.68,3,2,2,7,Medium Value
15978,98.0,3,3279.42,3,3,1,7,Medium Value
12516,99.0,4,2648.62,3,2,2,7,Medium Value
13320,99.0,6,2228.1,3,2,2,7,Medium Value
13055,99.0,4,2321.11,3,2,2,7,Medium Value
17603,99.0,4,1793.48,3,2,2,7,Medium Value
13220,99.0,5,1336.09,3,2,2,7,Medium Value
12739,99.0,4,2726.73,3,2,2,7,Medium Value
12520,100.0,5,2634.26,3,2,2,7,Medium Value
17731,100.0,6,1708.99,3,2,2,7,Medium Value
13946,100.0,6,1876.23,3,2,2,7,Medium Value
13908,101.0,4,2369.55,3,2,2,7,Medium Value
16493,101.0,7,2132.09,3,2,2,7,Medium Value
12701,101.0,6,2446.41,3,2,2,7,Medium Value
16777,101.0,5,1307.76,3,2,2,7,Medium Value
14236,102.0,5,1744.64,3,2,2,7,Medium Value
12497,102.0,3,6248.5,3,3,1,7,Medium Value
16906,103.0,7,1448.8,3,2,2,7,Medium Value
12379,103.0,4,1620.22,3,2,2,7,Medium Value
16370,103.0,4,1320.56,3,2,2,7,Medium Value
16108,106.0,4,2235.92,3,2,2,7,Medium Value
17594,106.0,4,2497.88,3,2,2,7,Medium Value
15466,106.0,4,1571.01,3,2,2,7,Medium Value
17047,106.0,6,2289.23,3,2,2,7,Medium Value
17002,106.0,7,2571.55,3,2,2,7,Medium Value
13134,107.0,6,2475.23,3,2,2,7,Medium Value
13539,107.0,7,1569.36,3,2,2,7,Medium Value
17033,107.0,4,1332.79,3,2,2,7,Medium Value
18173,108.0,5,2696.36,3,2,2,7,Medium Value
16229,108.0,6,2867.86,3,2,2,7,Medium Value
14163,108.0,5,2594.62,3,2,2,7,Medium Value
15201,108.0,7,1842.95,3,2,2,7,Medium Value
16036,108.0,4,2556.84,3,2,2,7,Medium Value
15996,109.0,7,1686.9,3,2,2,7,Medium Value
18215,110.0,5,2247.49,3,2,2,7,Medium Value
16384,111.0,4,1358.95,3,2,2,7,Medium Value
15636,111.0,4,1444.58,3,2,2,7,Medium Value
12635,111.0,4,2930.41,3,2,2,7,Medium Value
14628,112.0,5,1998.0,3,2,2,7,Medium Value
15652,112.0,5,1420.34,3,2,2,7,Medium Value
16723,112.0,4,1301.63,3,2,2,7,Medium Value
14414,112.0,8,2399.33,3,2,2,7,Medium Value
12592,113.0,5,2582.66,3,2,2,7,Medium Value
15400,113.0,8,1302.3,3,2,2,7,Medium Value
13330,113.0,6,2806.18,3,2,2,7,Medium Value
13889,114.0,6,1991.23,3,2,2,7,Medium Value
15071,115.0,4,1455.56,3,2,2,7,Medium Value
16175,115.0,7,1836.44,3,2,2,7,Medium Value
13158,116.0,5,1508.18,3,2,2,7,Medium Value
17560,116.0,8,1895.8,3,2,2,7,Medium Value
18196,116.0,4,1464.31,3,2,2,7,Medium Value
13192,116.0,6,2558.58,3,2,2,7,Medium Value
16172,116.0,8,1884.55,3,2,2,7,Medium Value
16551,117.0,7,2237.12,3,2,2,7,Medium Value
13240,117.0,8,1738.52,3,2,2,7,Medium Value
14276,120.0,7,2102.68,3,2,2,7,Medium Value
14420,120.0,4,1639.17,3,2,2,7,Medium Value
17588,121.0,7,2939.55,3,2,2,7,Medium Value
17320,121.0,6,2895.77,3,2,2,7,Medium Value
16083,122.0,4,2351.42,3,2,2,7,Medium Value
15325,125.0,8,1602.01,3,2,2,7,Medium Value
12649,128.0,8,2294.65,3,2,2,7,Medium Value
14407,128.0,6,2157.73,3,2,2,7,Medium Value
17242,129.0,5,2889.28,3,2,2,7,Medium Value
14265,130.0,4,1373.35,3,2,2,7,Medium Value
17585,130.0,7,2093.3,3,2,2,7,Medium Value
14460,131.0,9,1093.5,3,1,3,7,Medium Value
17029,132.0,7,2137.3,3,2,2,7,Medium Value
15938,133.0,9,734.81,3,1,3,7,Medium Value
16419,133.0,8,1487.42,3,2,2,7,Medium Value
12418,134.0,4,2021.2,3,2,2,7,Medium Value
15797,134.0,6,2821.08,3,2,2,7,Medium Value
13655,135.0,6,2280.51,3,2,2,7,Medium Value
16755,135.0,7,2900.58,3,2,2,7,Medium Value
15734,136.0,4,2263.3,3,2,2,7,Medium Value
16092,136.0,6,1587.94,3,2,2,7,Medium Value
14006,137.0,7,2196.67,3,2,2,7,Medium Value
14301,138.0,4,1992.18,3,2,2,7,Medium Value
17048,139.0,7,2071.68,3,2,2,7,Medium Value
12399,140.0,7,1962.3,3,2,2,7,Medium Value
16317,140.0,5,2192.51,3,2,2,7,Medium Value
15192,141.0,5,1981.39,3,2,2,7,Medium Value
13888,141.0,7,2169.05,3,2,2,7,Medium Value
17642,141.0,5,1824.49,3,2,2,7,Medium Value
14346,142.0,5,2315.75,3,2,2,7,Medium Value
16292,142.0,5,1253.76,3,2,2,7,Medium Value
13280,143.0,7,2322.63,3,2,2,7,Medium Value
14127,144.0,6,1900.08,3,2,2,7,Medium Value
15985,144.0,7,2715.28,3,2,2,7,Medium Value
16788,144.0,5,1950.3,3,2,2,7,Medium Value
13752,145.0,7,1590.73,3,2,2,7,Medium Value
16174,147.0,7,2246.75,3,2,2,7,Medium Value
12693,148.0,7,1703.02,3,2,2,7,Medium Value
13402,148.0,4,1535.13,3,2,2,7,Medium Value
15133,149.0,5,1806.9,3,2,2,7,Medium Value
16835,149.0,6,1538.41,3,2,2,7,Medium Value
17429,149.0,5,1357.46,3,2,2,7,Medium Value
12378,151.0,2,5416.32,3,3,1,7,Medium Value
12644,151.0,4,1918.49,3,2,2,7,Medium Value
17282,151.0,5,2339.66,3,2,2,7,Medium Value
14403,151.0,6,1880.51,3,2,2,7,Medium Value
17941,152.0,4,1433.28,3,2,2,7,Medium Value
17695,153.0,5,1746.04,3,2,2,7,Medium Value
13414,155.0,6,2494.14,3,2,2,7,Medium Value
15149,155.0,5,1554.61,3,2,2,7,Medium Value
16147,155.0,5,2398.91,3,2,2,7,Medium Value
18268,155.0,6,1490.23,3,2,2,7,Medium Value
12507,155.0,4,1844.06,3,2,2,7,Medium Value
18151,156.0,6,1879.44,3,2,2,7,Medium Value
15261,156.0,4,1508.0,3,2,2,7,Medium Value
15623,162.0,8,2437.05,3,2,2,7,Medium Value
16654,162.0,8,1711.47,3,2,2,7,Medium Value
15108,163.0,4,1300.25,3,2,2,7,Medium Value
16807,164.0,6,2123.88,3,2,2,7,Medium Value
12875,164.0,5,1356.99,3,2,2,7,Medium Value
12947,165.0,6,1908.03,3,2,2,7,Medium Value
16859,165.0,7,1932.41,3,2,2,7,Medium Value
13821,166.0,6,1410.73,3,2,2,7,Medium Value
14758,166.0,7,2864.97,3,2,2,7,Medium Value
16054,166.0,4,2111.88,3,2,2,7,Medium Value
17259,169.0,6,1889.34,3,2,2,7,Medium Value
15402,169.0,6,1830.54,3,2,2,7,Medium Value
12653,170.0,3,4160.83,3,3,1,7,Medium Value
15795,171.0,8,1979.87,3,2,2,7,Medium Value
17337,172.0,4,2027.87,3,2,2,7,Medium Value
17787,174.0,4,2601.47,3,2,2,7,Medium Value
14264,176.0,6,1517.36,3,2,2,7,Medium Value
14021,176.0,7,1716.58,3,2,2,7,Medium Value
14459,176.0,2,5375.74,3,3,1,7,Medium Value
17341,177.0,5,1889.83,3,2,2,7,Medium Value
15889,178.0,8,1806.28,3,2,2,7,Medium Value
13253,178.0,4,2951.11,3,2,2,7,Medium Value
17046,178.0,5,1906.07,3,2,2,7,Medium Value
14905,178.0,8,1971.39,3,2,2,7,Medium Value
13085,178.0,8,2433.28,3,2,2,7,Medium Value
13338,179.0,4,2445.62,3,2,2,7,Medium Value
15483,182.0,10,862.2,3,1,3,7,Medium Value
17505,182.0,5,2435.48,3,2,2,7,Medium Value
16801,184.0,4,1619.73,3,2,2,7,Medium Value
14327,184.0,6,1894.93,3,2,2,7,Medium Value
14481,186.0,5,2311.49,3,2,2,7,Medium Value
15976,186.0,6,1746.64,3,2,2,7,Medium Value
13856,190.0,11,1142.03,3,1,3,7,Medium Value
14584,190.0,8,1747.91,3,2,2,7,Medium Value
15384,191.0,4,2027.79,3,2,2,7,Medium Value
14643,191.0,5,1679.89,3,2,2,7,Medium Value
16214,192.0,4,2038.25,3,2,2,7,Medium Value
15389,193.0,5,2733.8,3,2,2,7,Medium Value
18062,194.0,6,1632.67,3,2,2,7,Medium Value
12908,197.0,5,1776.0,3,2,2,7,Medium Value
15574,198.0,6,1518.7,3,2,2,7,Medium Value
17179,199.0,6,1507.26,3,2,2,7,Medium Value
15912,199.0,9,1074.7,3,1,3,7,Medium Value
13476,200.0,5,2061.47,3,2,2,7,Medium Value
13663,200.0,5,2047.51,3,2,2,7,Medium Value
15098,203.0,3,39916.5,3,3,1,7,Medium Value
13900,204.0,6,1610.59,3,2,2,7,Medium Value
16955,206.0,6,1309.41,3,2,2,7,Medium Value
12383,206.0,5,1850.56,3,2,2,7,Medium Value
12891,206.0,11,840.5,3,1,3,7,Medium Value
12868,207.0,8,2247.06,3,2,2,7,Medium Value
16611,207.0,6,1785.13,3,2,2,7,Medium Value
16520,207.0,6,2482.62,3,2,2,7,Medium Value
12802,208.0,7,2416.42,3,2,2,7,Medium Value
14682,208.0,6,1514.81,3,2,2,7,Medium Value
17454,213.0,10,1547.94,4,1,2,7,Medium Value
17550,218.0,9,2547.64,4,1,2,7,Medium Value
14817,221.0,7,3959.86,4,2,1,7,Medium Value
14442,226.0,7,5367.02,4,2,1,7,Medium Value
12857,232.0,6,3688.0,4,2,1,7,Medium Value
12976,233.0,8,3156.38,4,2,1,7,Medium Value
12625,233.0,4,5164.88,4,2,1,7,Medium Value
15732,233.0,10,1682.07,4,1,2,7,Medium Value
13052,233.0,7,3168.53,4,2,1,7,Medium Value
17597,235.0,5,3484.09,4,2,1,7,Medium Value
13561,236.0,11,1820.72,4,1,2,7,Medium Value
14161,237.0,7,3318.88,4,2,1,7,Medium Value
15235,239.0,16,2937.81,4,1,2,7,Medium Value
13711,240.0,9,1792.26,4,1,2,7,Medium Value
14105,260.0,5,5988.83,4,2,1,7,Medium Value
14669,263.0,7,3243.93,4,2,1,7,Medium Value
16010,267.0,11,1724.06,4,1,2,7,Medium Value
13059,271.0,10,2303.17,4,1,2,7,Medium Value
15353,275.0,7,3175.95,4,2,1,7,Medium Value
13357,278.0,5,3838.36,4,2,1,7,Medium Value
13707,288.0,5,3365.86,4,2,1,7,Medium Value
15057,296.0,5,3255.96,4,2,1,7,Medium Value
17138,297.0,7,4417.27,4,2,1,7,Medium Value
12623,297.0,7,3747.84,4,2,1,7,Medium Value
15456,304.0,10,2119.27,4,1,2,7,Medium Value
16072,309.0,4,4328.89,4,2,1,7,Medium Value
16546,312.0,5,5606.47,4,2,1,7,Medium Value
17829,319.0,5,4756.74,4,2,1,7,Medium Value
16725,323.0,14,1882.11,4,1,2,7,Medium Value
12377,336.0,4,3426.32,4,2,1,7,Medium Value
14439,341.0,5,9443.04,4,2,1,7,Medium Value
15607,357.0,9,1708.97,4,1,2,7,Medium Value
16202,382.0,9,2501.99,4,1,2,7,Medium Value
15332,387.0,6,6553.74,4,2,1,7,Medium Value
13786,388.0,6,3358.94,4,2,1,7,Medium Value
16718,390.0,5,3647.53,4,2,1,7,Medium Value
13693,395.0,9,2011.82,4,1,2,7,Medium Value
17241,406.0,12,2744.14,4,1,2,7,Medium Value
13031,428.0,5,3419.27,4,2,1,7,Medium Value
14249,431.0,12,5625.46,5,1,1,7,Medium Value
14648,437.0,15,4546.86,5,1,1,7,Medium Value
14590,445.0,20,3006.62,5,1,1,7,Medium Value
12835,449.0,41,6043.31,5,1,1,7,Medium Value
13446,451.0,11,3881.89,5,1,1,7,Medium Value
14063,459.0,9,22710.2,5,1,1,7,Medium Value
14025,486.0,8,4057.9,5,1,1,7,Medium Value
15369,513.0,11,6251.26,5,1,1,7,Medium Value
17448,518.0,46,14556.97,5,1,1,7,Medium Value
15633,530.0,13,4352.46,5,1,1,7,Medium Value
12482,597.0,29,23691.4,5,1,1,7,Medium Value
14685,597.0,8,4619.79,5,1,1,7,Medium Value
12526,21.0,3,1316.66,1,3,2,6,Low Value
14446,22.0,5,1241.31,1,2,3,6,Low Value
15208,22.0,6,970.52,1,2,3,6,Low Value
16892,22.0,7,762.1,1,2,3,6,Low Value
13860,22.0,5,1245.9,1,2,3,6,Low Value
17522,22.0,5,1070.71,1,2,3,6,Low Value
16442,23.0,5,899.47,1,2,3,6,Low Value
17631,23.0,7,998.49,1,2,3,6,Low Value
15471,23.0,3,1316.56,1,3,2,6,Low Value
12950,23.0,3,1843.0,1,3,2,6,Low Value
17590,23.0,3,1479.22,1,3,2,6,Low Value
18237,23.0,5,987.1,1,2,3,6,Low Value
17042,23.0,5,1044.38,1,2,3,6,Low Value
15195,23.0,1,3861.0,1,4,1,6,Low Value
13882,24.0,5,1191.13,1,2,3,6,Low Value
15969,24.0,5,1127.05,1,2,3,6,Low Value
12828,24.0,6,1018.71,1,2,3,6,Low Value
17883,24.0,7,995.85,1,2,3,6,Low Value
13323,24.0,5,787.85,1,2,3,6,Low Value
18154,24.0,5,932.6,1,2,3,6,Low Value
14418,25.0,3,1937.25,1,3,2,6,Low Value
12723,25.0,5,725.07,1,2,3,6,Low Value
17817,25.0,6,807.85,1,2,3,6,Low Value
16682,25.0,5,1028.0,1,2,3,6,Low Value
14759,25.0,3,1625.97,1,3,2,6,Low Value
12646,26.0,2,1346.97,1,3,2,6,Low Value
12560,26.0,3,2134.01,1,3,2,6,Low Value
13956,26.0,5,1026.42,1,2,3,6,Low Value
17114,26.0,8,808.62,1,2,3,6,Low Value
16438,27.0,5,798.35,1,2,3,6,Low Value
16989,28.0,6,1133.25,1,2,3,6,Low Value
14250,28.0,3,1904.05,1,3,2,6,Low Value
17221,28.0,5,978.52,1,2,3,6,Low Value
14428,28.0,5,1244.83,1,2,3,6,Low Value
12762,29.0,2,1898.52,1,3,2,6,Low Value
15531,29.0,2,2007.44,1,3,2,6,Low Value
15948,29.0,3,1509.09,1,3,2,6,Low Value
15028,29.0,6,1157.71,1,2,3,6,Low Value
14289,30.0,6,911.26,1,2,3,6,Low Value
13509,30.0,8,1114.72,1,2,3,6,Low Value
15444,30.0,2,1418.26,1,3,2,6,Low Value
12882,30.0,2,1463.04,1,3,2,6,Low Value
12784,30.0,3,1804.75,1,3,2,6,Low Value
14893,30.0,3,1809.61,1,3,2,6,Low Value
12630,31.0,2,1270.88,1,3,2,6,Low Value
12488,31.0,3,1298.66,1,3,2,6,Low Value
12464,31.0,8,1212.05,1,2,3,6,Low Value
14125,31.0,3,2740.43,1,3,2,6,Low Value
18101,32.0,5,629.16,1,2,3,6,Low Value
17852,32.0,5,663.21,1,2,3,6,Low Value
15022,32.0,5,1186.09,1,2,3,6,Low Value
17299,32.0,6,1016.08,1,2,3,6,Low Value
15714,33.0,5,784.81,1,2,3,6,Low Value
17988,33.0,14,489.54,1,1,4,6,Low Value
15511,33.0,5,909.23,1,2,3,6,Low Value
13258,33.0,5,1035.18,1,2,3,6,Low Value
13991,33.0,6,855.97,1,2,3,6,Low Value
18001,33.0,6,953.84,1,2,3,6,Low Value
13546,33.0,5,1092.14,1,2,3,6,Low Value
16877,33.0,6,853.72,1,2,3,6,Low Value
15009,33.0,3,1261.78,1,3,2,6,Low Value
17812,34.0,7,1165.89,1,2,3,6,Low Value
17864,34.0,5,924.32,1,2,3,6,Low Value
17329,35.0,5,1004.43,1,2,3,6,Low Value
17562,35.0,7,1122.38,1,2,3,6,Low Value
12438,35.0,2,2906.85,1,3,2,6,Low Value
14966,35.0,6,1115.84,1,2,3,6,Low Value
13589,35.0,6,1120.74,1,2,3,6,Low Value
15737,36.0,8,1205.12,1,2,3,6,Low Value
12531,36.0,2,1933.2,1,3,2,6,Low Value
12620,36.0,3,1339.41,1,3,2,6,Low Value
17302,36.0,5,1135.63,1,2,3,6,Low Value
14756,36.0,3,2653.76,1,3,2,6,Low Value
17516,36.0,6,957.55,1,2,3,6,Low Value
14805,36.0,7,1104.64,1,2,3,6,Low Value
12421,37.0,6,1098.6,1,2,3,6,Low Value
15393,37.0,5,891.34,1,2,3,6,Low Value
15398,37.0,2,1345.53,1,3,2,6,Low Value
17410,37.0,5,1214.72,1,2,3,6,Low Value
16079,37.0,3,1352.0,1,3,2,6,Low Value
15901,37.0,7,703.22,1,2,3,6,Low Value
13502,38.0,5,780.5,1,2,3,6,Low Value
14020,38.0,4,1249.01,1,3,2,6,Low Value
16261,38.0,6,1059.45,1,2,3,6,Low Value
13238,38.0,6,1006.63,1,2,3,6,Low Value
17371,38.0,6,662.55,1,2,3,6,Low Value
17360,38.0,6,1231.38,1,2,3,6,Low Value
13363,38.0,3,1723.86,1,3,2,6,Low Value
17155,38.0,7,892.46,1,2,3,6,Low Value
16330,38.0,7,634.33,1,2,3,6,Low Value
13499,39.0,5,1159.11,1,2,3,6,Low Value
15132,39.0,5,977.93,1,2,3,6,Low Value
14551,39.0,7,880.04,1,2,3,6,Low Value
13167,39.0,5,1125.15,1,2,3,6,Low Value
14883,40.0,6,761.59,1,2,3,6,Low Value
16139,40.0,5,1111.15,1,2,3,6,Low Value
15850,40.0,6,1058.72,1,2,3,6,Low Value
16212,40.0,4,1293.71,2,2,2,6,Low Value
14595,40.0,8,2164.45,2,2,2,6,Low Value
14477,41.0,7,1969.6,2,2,2,6,Low Value
14116,41.0,5,1382.74,2,2,2,6,Low Value
14903,42.0,5,2810.63,2,2,2,6,Low Value
16463,42.0,4,1422.4,2,2,2,6,Low Value
13516,42.0,4,1685.26,2,2,2,6,Low Value
15530,42.0,5,1813.72,2,2,2,6,Low Value
12391,42.0,6,2773.42,2,2,2,6,Low Value
17159,43.0,5,2099.59,2,2,2,6,Low Value
16511,43.0,6,1819.02,2,2,2,6,Low Value
16134,43.0,5,2145.34,2,2,2,6,Low Value
14434,43.0,6,1372.8,2,2,2,6,Low Value
16871,43.0,6,2812.34,2,2,2,6,Low Value
16042,43.0,8,2265.12,2,2,2,6,Low Value
13138,43.0,7,1467.24,2,2,2,6,Low Value
15267,43.0,5,1717.36,2,2,2,6,Low Value
12997,43.0,8,2110.91,2,2,2,6,Low Value
15563,43.0,7,2867.0,2,2,2,6,Low Value
18221,43.0,6,1424.94,2,2,2,6,Low Value
15864,43.0,7,2180.76,2,2,2,6,Low Value
17797,43.0,8,1985.87,2,2,2,6,Low Value
17095,43.0,7,2572.25,2,2,2,6,Low Value
15506,43.0,6,2040.03,2,2,2,6,Low Value
14332,44.0,5,1943.51,2,2,2,6,Low Value
12610,44.0,5,2099.54,2,2,2,6,Low Value
13308,44.0,4,1670.37,2,2,2,6,Low Value
15489,44.0,8,2419.61,2,2,2,6,Low Value
17828,44.0,4,1820.09,2,2,2,6,Low Value
12993,44.0,8,1259.63,2,2,2,6,Low Value
13500,44.0,4,1466.3,2,2,2,6,Low Value
13939,44.0,7,1560.96,2,2,2,6,Low Value
15110,45.0,6,1505.85,2,2,2,6,Low Value
15584,45.0,6,1277.5,2,2,2,6,Low Value
14853,45.0,5,1376.87,2,2,2,6,Low Value
12933,45.0,8,1687.03,2,2,2,6,Low Value
14544,45.0,3,2982.43,2,3,1,6,Low Value
13614,45.0,6,2359.19,2,2,2,6,Low Value
16240,45.0,2,3718.8,2,3,1,6,Low Value
14522,45.0,8,1758.62,2,2,2,6,Low Value
14725,45.0,4,1315.24,2,2,2,6,Low Value
14715,45.0,8,1840.45,2,2,2,6,Low Value
13846,45.0,4,1307.79,2,2,2,6,Low Value
17540,46.0,6,1590.6,2,2,2,6,Low Value
17974,46.0,6,1858.06,2,2,2,6,Low Value
13455,46.0,6,2905.93,2,2,2,6,Low Value
17235,46.0,8,1904.88,2,2,2,6,Low Value
14684,47.0,6,1468.55,2,2,2,6,Low Value
15411,47.0,4,1358.88,2,2,2,6,Low Value
16726,47.0,7,2088.41,2,2,2,6,Low Value
14499,47.0,7,2138.97,2,2,2,6,Low Value
14487,47.0,7,1453.61,2,2,2,6,Low Value
13892,48.0,6,1267.65,2,2,2,6,Low Value
17041,48.0,6,1686.28,2,2,2,6,Low Value
13310,49.0,5,1541.2,2,2,2,6,Low Value
17088,49.0,4,1991.01,2,2,2,6,Low Value
12517,49.0,5,2502.84,2,2,2,6,Low Value
12685,49.0,6,2863.08,2,2,2,6,Low Value
15608,49.0,5,1785.98,2,2,2,6,Low Value
17054,49.0,5,1356.33,2,2,2,6,Low Value
14662,49.0,7,1416.33,2,2,2,6,Low Value
17109,50.0,8,1295.46,2,2,2,6,Low Value
15111,50.0,5,2730.87,2,2,2,6,Low Value
14829,50.0,7,1692.84,2,2,2,6,Low Value
15289,50.0,5,1593.09,2,2,2,6,Low Value
14712,50.0,4,1328.07,2,2,2,6,Low Value
16628,50.0,7,2318.1,2,2,2,6,Low Value
15452,50.0,6,1799.11,2,2,2,6,Low Value
17521,51.0,5,1278.06,2,2,2,6,Low Value
14188,51.0,6,2054.36,2,2,2,6,Low Value
14691,51.0,5,2114.33,2,2,2,6,Low Value
16041,51.0,3,3166.4,2,3,1,6,Low Value
16880,52.0,8,1840.86,2,2,2,6,Low Value
16205,52.0,7,1830.61,2,2,2,6,Low Value
13029,52.0,5,1927.3,2,2,2,6,Low Value
15043,52.0,6,2873.8,2,2,2,6,Low Value
16618,52.0,5,2647.59,2,2,2,6,Low Value
17633,52.0,7,2057.39,2,2,2,6,Low Value
16639,52.0,4,1747.98,2,2,2,6,Low Value
17886,53.0,6,1608.38,2,2,2,6,Low Value
14360,53.0,4,2128.23,2,2,2,6,Low Value
16348,53.0,8,1798.22,2,2,2,6,Low Value
17043,53.0,8,2616.55,2,2,2,6,Low Value
17158,53.0,5,1980.0,2,2,2,6,Low Value
13717,53.0,8,1763.3,2,2,2,6,Low Value
18016,53.0,7,1960.46,2,2,2,6,Low Value
17623,54.0,7,2383.67,2,2,2,6,Low Value
17164,54.0,7,2467.35,2,2,2,6,Low Value
12357,54.0,3,18287.66,2,3,1,6,Low Value
13155,54.0,6,1750.18,2,2,2,6,Low Value
16372,54.0,5,1328.61,2,2,2,6,Low Value
16676,54.0,6,2361.9,2,2,2,6,Low Value
17084,56.0,3,5202.97,2,3,1,6,Low Value
16555,56.0,6,1915.68,2,2,2,6,Low Value
12577,56.0,8,1653.75,2,2,2,6,Low Value
18022,56.0,5,1651.79,2,2,2,6,Low Value
18035,56.0,5,1276.74,2,2,2,6,Low Value
12576,57.0,8,2142.72,2,2,2,6,Low Value
15809,57.0,7,1274.44,2,2,2,6,Low Value
15252,57.0,5,2103.41,2,2,2,6,Low Value
13168,57.0,5,1875.31,2,2,2,6,Low Value
15551,57.0,7,1710.08,2,2,2,6,Low Value
15651,58.0,5,1259.06,2,2,2,6,Low Value
17800,58.0,9,1199.01,2,1,3,6,Low Value
16043,58.0,8,1856.59,2,2,2,6,Low Value
12674,59.0,4,1970.6,2,2,2,6,Low Value
16825,60.0,5,1826.89,2,2,2,6,Low Value
16960,60.0,8,2043.43,2,2,2,6,Low Value
14167,60.0,8,1296.49,2,2,2,6,Low Value
13145,60.0,7,1423.52,2,2,2,6,Low Value
17951,60.0,4,1636.08,2,2,2,6,Low Value
14808,60.0,8,2741.17,2,2,2,6,Low Value
13813,61.0,8,2765.47,2,2,2,6,Low Value
16190,61.0,8,2723.55,2,2,2,6,Low Value
14295,61.0,5,2362.91,2,2,2,6,Low Value
17796,61.0,7,1361.99,2,2,2,6,Low Value
13617,61.0,8,1278.75,2,2,2,6,Low Value
16049,61.0,6,1899.68,2,2,2,6,Low Value
15865,61.0,5,2248.92,2,2,2,6,Low Value
13566,62.0,5,1708.12,2,2,2,6,Low Value
13278,62.0,4,1435.85,2,2,2,6,Low Value
17018,62.0,6,2287.7,2,2,2,6,Low Value
17272,63.0,4,2148.63,2,2,2,6,Low Value
17837,63.0,8,1593.38,2,2,2,6,Low Value
16554,63.0,8,2841.72,2,2,2,6,Low Value
14232,64.0,5,2048.07,2,2,2,6,Low Value
12536,64.0,3,12601.83,2,3,1,6,Low Value
17545,64.0,6,1448.54,2,2,2,6,Low Value
14842,64.0,4,2824.69,2,2,2,6,Low Value
16232,64.0,7,2712.97,2,2,2,6,Low Value
17414,64.0,6,2249.52,2,2,2,6,Low Value
18276,65.0,6,1656.52,2,2,2,6,Low Value
14379,65.0,4,1268.91,2,2,2,6,Low Value
15990,65.0,7,2010.05,2,2,2,6,Low Value
17175,65.0,4,1443.69,2,2,2,6,Low Value
12456,65.0,3,3181.04,2,3,1,6,Low Value
14754,65.0,6,1550.48,2,2,2,6,Low Value
16110,66.0,4,1819.27,2,2,2,6,Low Value
13652,67.0,5,2570.85,2,2,2,6,Low Value
17004,67.0,4,2425.16,2,2,2,6,Low Value
15142,67.0,6,2619.92,2,2,2,6,Low Value
15215,68.0,7,2422.43,2,2,2,6,Low Value
16017,68.0,5,1553.83,2,2,2,6,Low Value
14233,70.0,7,2904.27,2,2,2,6,Low Value
14967,71.0,6,1982.61,2,2,2,6,Low Value
12407,71.0,5,1708.12,2,2,2,6,Low Value
13725,71.0,8,1980.56,2,2,2,6,Low Value
17571,71.0,5,1703.75,2,2,2,6,Low Value
14427,71.0,4,1263.52,2,2,2,6,Low Value
15807,71.0,5,1817.52,2,2,2,6,Low Value
13761,71.0,6,1952.17,2,2,2,6,Low Value
15587,71.0,7,1522.08,2,2,2,6,Low Value
16099,71.0,7,1573.2,2,2,2,6,Low Value
16177,71.0,8,2247.31,2,2,2,6,Low Value
18252,71.0,7,1542.09,2,2,2,6,Low Value
18149,71.0,7,1624.71,2,2,2,6,Low Value
14631,72.0,6,2025.69,2,2,2,6,Low Value
17764,72.0,5,1623.64,2,2,2,6,Low Value
15803,72.0,4,1929.66,2,2,2,6,Low Value
15220,72.0,6,1778.96,2,2,2,6,Low Value
14229,73.0,7,2594.04,2,2,2,6,Low Value
12863,73.0,6,2792.55,2,2,2,6,Low Value
16249,74.0,5,1800.07,2,2,2,6,Low Value
16848,74.0,4,1411.62,2,2,2,6,Low Value
17244,74.0,5,1826.04,2,2,2,6,Low Value
13265,74.0,5,2107.66,2,2,2,6,Low Value
16389,74.0,4,1382.07,2,2,2,6,Low Value
12463,74.0,4,1344.78,2,2,2,6,Low Value
17534,74.0,5,1668.83,2,2,2,6,Low Value
17734,74.0,6,1442.32,2,2,2,6,Low Value
14443,75.0,5,2386.47,2,2,2,6,Low Value
13760,75.0,5,1363.64,2,2,2,6,Low Value
16934,75.0,6,2110.99,2,2,2,6,Low Value
13878,75.0,4,2473.06,2,2,2,6,Low Value
15826,77.0,4,2598.28,2,2,2,6,Low Value
15620,77.0,4,1942.36,2,2,2,6,Low Value
16394,78.0,5,1555.34,2,2,2,6,Low Value
16239,78.0,6,1492.2,2,2,2,6,Low Value
16224,78.0,5,1616.54,2,2,2,6,Low Value
14555,78.0,6,2315.63,2,2,2,6,Low Value
14421,78.0,6,2469.37,2,2,2,6,Low Value
15272,78.0,6,2085.48,2,2,2,6,Low Value
16121,78.0,5,1477.09,2,2,2,6,Low Value
17190,80.0,7,1743.04,2,2,2,6,Low Value
16120,80.0,6,3056.91,3,2,1,6,Low Value
16086,80.0,10,2864.99,3,1,2,6,Low Value
14857,81.0,7,3651.85,3,2,1,6,Low Value
13373,82.0,6,7587.19,3,2,1,6,Low Value
13259,83.0,9,1433.38,3,1,2,6,Low Value
16104,83.0,9,2778.61,3,1,2,6,Low Value
17921,85.0,10,2423.5,3,1,2,6,Low Value
15416,86.0,7,4572.82,3,2,1,6,Low Value
14462,87.0,12,2270.01,3,1,2,6,Low Value
15228,87.0,6,5580.27,3,2,1,6,Low Value
12457,87.0,8,2995.91,3,2,1,6,Low Value
16253,88.0,7,7310.15,3,2,1,6,Low Value
14651,88.0,9,2034.12,3,1,2,6,Low Value
13431,88.0,8,3316.24,3,2,1,6,Low Value
18116,89.0,13,2154.3,3,1,2,6,Low Value
13635,89.0,4,2999.16,3,2,1,6,Low Value
15164,89.0,9,2068.92,3,1,2,6,Low Value
15834,91.0,7,3772.99,3,2,1,6,Low Value
13092,92.0,12,2140.28,3,1,2,6,Low Value
16101,92.0,4,3229.16,3,2,1,6,Low Value
14916,92.0,8,3042.95,3,2,1,6,Low Value
17905,92.0,13,2383.52,3,1,2,6,Low Value
16233,92.0,9,1965.71,3,1,2,6,Low Value
17894,93.0,18,2453.38,3,1,2,6,Low Value
18242,93.0,8,3605.21,3,2,1,6,Low Value
14609,93.0,10,1486.2,3,1,2,6,Low Value
15841,93.0,9,2742.41,3,1,2,6,Low Value
13505,94.0,4,4393.63,3,2,1,6,Low Value
13979,94.0,7,3416.23,3,2,1,6,Low Value
16266,94.0,14,1757.95,3,1,2,6,Low Value
16383,95.0,7,2974.84,3,2,1,6,Low Value
15312,96.0,12,2930.19,3,1,2,6,Low Value
17388,99.0,11,2691.57,3,1,2,6,Low Value
14147,99.0,9,2590.2,3,1,2,6,Low Value
17311,99.0,6,3566.56,3,2,1,6,Low Value
14038,99.0,5,3069.88,3,2,1,6,Low Value
15067,99.0,5,3877.88,3,2,1,6,Low Value
17027,99.0,9,1327.11,3,1,2,6,Low Value
12854,99.0,7,2994.02,3,2,1,6,Low Value
12409,100.0,7,23419.29,3,2,1,6,Low Value
15810,100.0,8,2999.04,3,2,1,6,Low Value
12435,101.0,6,13925.93,3,2,1,6,Low Value
16584,101.0,5,3163.67,3,2,1,6,Low Value
14934,103.0,5,3503.5,3,2,1,6,Low Value
13334,103.0,5,6263.75,3,2,1,6,Low Value
18194,103.0,6,4162.04,3,2,1,6,Low Value
13662,106.0,11,2250.11,3,1,2,6,Low Value
14177,107.0,13,2229.34,3,1,2,6,Low Value
17640,108.0,6,3168.94,3,2,1,6,Low Value
12924,109.0,12,2469.4,3,1,2,6,Low Value
15980,110.0,7,6593.68,3,2,1,6,Low Value
13124,110.0,4,4782.45,3,2,1,6,Low Value
14915,112.0,11,1811.25,3,1,2,6,Low Value
16027,113.0,15,2048.36,3,1,2,6,Low Value
14410,113.0,11,2651.14,3,1,2,6,Low Value
13249,113.0,9,1608.93,3,1,2,6,Low Value
13848,113.0,8,3335.0,3,2,1,6,Low Value
15885,114.0,15,1951.82,3,1,2,6,Low Value
17460,115.0,16,2228.27,3,1,2,6,Low Value
15491,116.0,6,3100.09,3,2,1,6,Low Value
12502,117.0,5,3723.87,3,2,1,6,Low Value
13748,117.0,9,2268.35,3,1,2,6,Low Value
14565,117.0,5,3859.22,3,2,1,6,Low Value
17722,117.0,5,4430.36,3,2,1,6,Low Value
14078,122.0,9,1692.63,3,1,2,6,Low Value
14472,125.0,9,2228.22,3,1,2,6,Low Value
17268,129.0,11,1733.89,3,1,2,6,Low Value
13425,129.0,5,3403.63,3,2,1,6,Low Value
14930,130.0,6,5246.63,3,2,1,6,Low Value
14224,131.0,9,1897.9,3,1,2,6,Low Value
14566,132.0,4,4092.0,3,2,1,6,Low Value
14745,134.0,12,2571.81,3,1,2,6,Low Value
17742,134.0,11,2098.48,3,1,2,6,Low Value
15480,137.0,5,6279.0,3,2,1,6,Low Value
13799,137.0,9,2803.57,3,1,2,6,Low Value
12758,138.0,7,9903.24,3,2,1,6,Low Value
14855,140.0,7,6520.3,3,2,1,6,Low Value
16045,140.0,8,3434.93,3,2,1,6,Low Value
17994,143.0,11,2313.32,3,1,2,6,Low Value
17723,148.0,7,3378.4,3,2,1,6,Low Value
12917,149.0,6,4359.2,3,2,1,6,Low Value
17353,150.0,4,3242.0,3,2,1,6,Low Value
17553,151.0,4,3757.6,3,2,1,6,Low Value
14692,158.0,12,1745.09,3,1,2,6,Low Value
12916,160.0,7,4654.02,3,2,1,6,Low Value
15704,161.0,6,3817.96,3,2,1,6,Low Value
12840,165.0,7,4041.97,3,2,1,6,Low Value
14548,171.0,9,2627.49,3,1,2,6,Low Value
15265,172.0,4,3345.64,3,2,1,6,Low Value
17126,173.0,9,2070.44,3,1,2,6,Low Value
12424,183.0,4,3340.03,3,2,1,6,Low Value
17969,187.0,20,2369.94,3,1,2,6,Low Value
15665,189.0,5,4015.12,3,2,1,6,Low Value
16320,193.0,6,5628.99,3,2,1,6,Low Value
17897,194.0,9,2585.0,3,1,2,6,Low Value
14573,201.0,13,2621.42,3,1,2,6,Low Value
14867,207.0,16,2952.06,3,1,2,6,Low Value
16883,208.0,19,2396.59,3,1,2,6,Low Value
12468,209.0,5,3670.74,3,2,1,6,Low Value
18231,213.0,28,6880.97,4,1,1,6,Low Value
14625,217.0,11,4497.88,4,1,1,6,Low Value
14828,218.0,13,9839.46,4,1,1,6,Low Value
14740,218.0,11,4161.06,4,1,1,6,Low Value
13659,226.0,12,4894.88,4,1,1,6,Low Value
17504,227.0,18,9565.12,4,1,1,6,Low Value
15079,233.0,11,3767.35,4,1,1,6,Low Value
13952,239.0,14,12823.52,4,1,1,6,Low Value
17646,240.0,12,4149.79,4,1,1,6,Low Value
14770,253.0,8,3637.64,4,1,1,6,Low Value
13485,254.0,11,3019.22,4,1,1,6,Low Value
14532,257.0,11,3859.18,4,1,1,6,Low Value
14154,260.0,8,6460.7,4,1,1,6,Low Value
14465,267.0,11,3946.03,4,1,1,6,Low Value
15032,277.0,8,13780.65,4,1,1,6,Low Value
17230,285.0,18,9924.95,4,1,1,6,Low Value
13093,296.0,55,54943.65,4,1,1,6,Low Value
12755,301.0,11,9030.66,4,1,1,6,Low Value
17508,302.0,8,4579.23,4,1,1,6,Low Value
13715,302.0,17,8483.29,4,1,1,6,Low Value
13044,312.0,11,4853.9,4,1,1,6,Low Value
14081,323.0,10,5370.1,4,1,1,6,Low Value
15808,327.0,21,18409.93,4,1,1,6,Low Value
13963,329.0,17,3011.87,4,1,1,6,Low Value
13615,340.0,8,6272.53,4,1,1,6,Low Value
15222,340.0,11,3550.91,4,1,1,6,Low Value
12346,347.0,12,77556.46,4,1,1,6,Low Value
12872,348.0,12,3685.49,4,1,1,6,Low Value
16351,354.0,13,3330.03,4,1,1,6,Low Value
17406,354.0,13,4905.05,4,1,1,6,Low Value
16125,388.0,14,4587.65,4,1,1,6,Low Value
16858,390.0,10,4668.28,4,1,1,6,Low Value
16754,393.0,29,67502.47,4,1,1,6,Low Value
17850,393.0,155,56600.08,4,1,1,6,Low Value
13542,398.0,17,4006.17,4,1,1,6,Low Value
13958,401.0,8,4709.23,4,1,1,6,Low Value
14134,403.0,15,11123.35,4,1,1,6,Low Value
17307,416.0,11,3999.89,4,1,1,6,Low Value
13206,421.0,13,8377.32,4,1,1,6,Low Value
12518,22.0,5,2056.89,1,2,2,5,Low Value
16446,22.0,2,168472.5,1,3,1,5,Low Value
13471,22.0,4,2531.58,1,2,2,5,Low Value
16688,22.0,4,1260.86,1,2,2,5,Low Value
16358,22.0,5,2919.65,1,2,2,5,Low Value
17451,22.0,7,1721.4,1,2,2,5,Low Value
14730,22.0,8,2005.06,1,2,2,5,Low Value
16833,22.0,6,2409.04,1,2,2,5,Low Value
17554,22.0,5,1952.45,1,2,2,5,Low Value
14719,22.0,5,1602.13,1,2,2,5,Low Value
14698,22.0,5,1250.76,1,2,2,5,Low Value
15214,22.0,8,1661.44,1,2,2,5,Low Value
18210,23.0,7,2768.83,1,2,2,5,Low Value
15453,23.0,7,1388.37,1,2,2,5,Low Value
15237,23.0,4,1412.32,1,2,2,5,Low Value
17856,23.0,4,1418.03,1,2,2,5,Low Value
13924,23.0,6,1838.85,1,2,2,5,Low Value
14251,23.0,5,2879.7,1,2,2,5,Low Value
12783,23.0,6,2225.91,1,2,2,5,Low Value
15525,23.0,4,1295.7,1,2,2,5,Low Value
15701,23.0,4,1542.14,1,2,2,5,Low Value
17434,23.0,7,2373.82,1,2,2,5,Low Value
14904,23.0,4,1640.64,1,2,2,5,Low Value
15136,23.0,4,1286.7,1,2,2,5,Low Value
16000,23.0,3,12393.7,1,3,1,5,Low Value
13743,24.0,7,1341.6,1,2,2,5,Low Value
13949,24.0,6,2427.32,1,2,2,5,Low Value
12912,24.0,5,1662.3,1,2,2,5,Low Value
14708,24.0,5,2212.28,1,2,2,5,Low Value
16201,24.0,5,2112.12,1,2,2,5,Low Value
16569,24.0,5,1455.23,1,2,2,5,Low Value
14216,24.0,5,2150.04,1,2,2,5,Low Value
15822,24.0,6,1840.06,1,2,2,5,Low Value
13507,24.0,4,2479.16,1,2,2,5,Low Value
17290,24.0,8,1501.44,1,2,2,5,Low Value
17481,24.0,4,1255.59,1,2,2,5,Low Value
14071,24.0,8,1438.82,1,2,2,5,Low Value
16620,24.0,6,1758.93,1,2,2,5,Low Value
14121,24.0,4,2780.15,1,2,2,5,Low Value
17744,24.0,7,2649.14,1,2,2,5,Low Value
16790,25.0,6,1545.62,1,2,2,5,Low Value
15157,25.0,5,2654.11,1,2,2,5,Low Value
16949,25.0,6,1286.27,1,2,2,5,Low Value
13994,25.0,6,2313.14,1,2,2,5,Low Value
17666,25.0,5,2047.8,1,2,2,5,Low Value
16929,25.0,7,1295.39,1,2,2,5,Low Value
15932,25.0,8,2495.87,1,2,2,5,Low Value
16379,25.0,4,2157.4,1,2,2,5,Low Value
15621,25.0,4,1293.03,1,2,2,5,Low Value
14696,25.0,8,2767.9,1,2,2,5,Low Value
16910,25.0,8,1510.06,1,2,2,5,Low Value
12381,25.0,5,1845.31,1,2,2,5,Low Value
17006,25.0,8,1636.32,1,2,2,5,Low Value
16500,25.0,9,843.91,1,1,3,5,Low Value
15392,26.0,7,2911.62,1,2,2,5,Low Value
14931,26.0,5,1257.68,1,2,2,5,Low Value
13417,26.0,6,1669.49,1,2,2,5,Low Value
18180,26.0,6,1843.75,1,2,2,5,Low Value
14075,26.0,6,1734.87,1,2,2,5,Low Value
12724,26.0,7,2317.52,1,2,2,5,Low Value
14102,26.0,5,1360.28,1,2,2,5,Low Value
13736,26.0,7,2766.21,1,2,2,5,Low Value
13630,26.0,7,2031.78,1,2,2,5,Low Value
17827,26.0,6,2388.05,1,2,2,5,Low Value
17131,26.0,5,2463.17,1,2,2,5,Low Value
14583,26.0,8,1781.03,1,2,2,5,Low Value
13808,26.0,5,1747.66,1,2,2,5,Low Value
12952,27.0,4,1387.79,1,2,2,5,Low Value
13309,28.0,6,1706.37,1,2,2,5,Low Value
13868,28.0,2,3192.54,1,3,1,5,Low Value
17086,28.0,6,2050.08,1,2,2,5,Low Value
12695,28.0,7,1407.12,1,2,2,5,Low Value
12704,28.0,8,2340.84,1,2,2,5,Low Value
16474,28.0,7,1871.5,1,2,2,5,Low Value
13705,28.0,7,2035.33,1,2,2,5,Low Value
16899,28.0,8,1721.02,1,2,2,5,Low Value
17386,29.0,7,2812.77,1,2,2,5,Low Value
12856,29.0,6,2179.93,1,2,2,5,Low Value
12364,29.0,4,1313.1,1,2,2,5,Low Value
12684,29.0,7,2283.63,1,2,2,5,Low Value
17350,29.0,7,1906.04,1,2,2,5,Low Value
16169,29.0,4,1822.97,1,2,2,5,Low Value
16119,29.0,8,1720.81,1,2,2,5,Low Value
17115,29.0,7,2761.49,1,2,2,5,Low Value
14262,29.0,8,2618.23,1,2,2,5,Low Value
12919,29.0,6,1335.19,1,2,2,5,Low Value
17321,29.0,6,1741.18,1,2,2,5,Low Value
16966,29.0,7,2154.97,1,2,2,5,Low Value
18122,29.0,6,1826.21,1,2,2,5,Low Value
14869,29.0,6,2804.24,1,2,2,5,Low Value
14178,29.0,7,1620.93,1,2,2,5,Low Value
15172,30.0,5,1624.05,1,2,2,5,Low Value
13159,30.0,4,1437.85,1,2,2,5,Low Value
15993,30.0,7,2797.57,1,2,2,5,Low Value
16496,30.0,6,2330.77,1,2,2,5,Low Value
15101,30.0,6,1477.94,1,2,2,5,Low Value
18179,30.0,8,2547.55,1,2,2,5,Low Value
12528,30.0,6,1933.48,1,2,2,5,Low Value
14618,30.0,7,1342.32,1,2,2,5,Low Value
14005,30.0,5,2874.72,1,2,2,5,Low Value
16062,30.0,8,2863.45,1,2,2,5,Low Value
15073,31.0,8,2788.02,1,2,2,5,Low Value
15113,31.0,3,3609.33,1,3,1,5,Low Value
16295,31.0,4,1328.55,1,2,2,5,Low Value
14432,31.0,6,2255.51,1,2,2,5,Low Value
14554,31.0,4,2381.04,1,2,2,5,Low Value
15089,31.0,6,2420.84,1,2,2,5,Low Value
17101,31.0,7,2507.05,1,2,2,5,Low Value
14550,31.0,4,1353.31,1,2,2,5,Low Value
14419,32.0,7,1260.91,1,2,2,5,Low Value
15197,32.0,6,1877.51,1,2,2,5,Low Value
14321,32.0,7,2218.06,1,2,2,5,Low Value
14511,32.0,5,1314.81,1,2,2,5,Low Value
14480,32.0,4,1299.52,1,2,2,5,Low Value
12657,32.0,4,1643.18,1,2,2,5,Low Value
14597,32.0,6,2201.54,1,2,2,5,Low Value
16744,32.0,7,1304.76,1,2,2,5,Low Value
18096,32.0,6,1805.28,1,2,2,5,Low Value
15561,33.0,8,1934.39,1,2,2,5,Low Value
17031,33.0,6,2773.85,1,2,2,5,Low Value
12906,33.0,5,2919.81,1,2,2,5,Low Value
14741,33.0,7,1897.59,1,2,2,5,Low Value
15987,33.0,8,1682.13,1,2,2,5,Low Value
17411,33.0,5,1425.38,1,2,2,5,Low Value
14577,33.0,7,1374.25,1,2,2,5,Low Value
13064,33.0,6,1680.74,1,2,2,5,Low Value
14859,34.0,5,1705.64,1,2,2,5,Low Value
13232,34.0,7,1357.6,1,2,2,5,Low Value
17813,35.0,5,1770.88,1,2,2,5,Low Value
15473,35.0,8,2046.0,1,2,2,5,Low Value
15186,35.0,5,1403.2,1,2,2,5,Low Value
13149,35.0,4,1676.06,1,2,2,5,Low Value
17624,36.0,4,1568.63,1,2,2,5,Low Value
15793,36.0,8,2399.57,1,2,2,5,Low Value
13579,36.0,5,1539.04,1,2,2,5,Low Value
15117,36.0,8,2485.97,1,2,2,5,Low Value
16668,36.0,13,862.42,1,1,3,5,Low Value
18161,36.0,6,1803.1,1,2,2,5,Low Value
14591,36.0,4,1447.14,1,2,2,5,Low Value
17671,36.0,5,2403.34,1,2,2,5,Low Value
16173,37.0,6,1418.32,1,2,2,5,Low Value
14987,37.0,8,1713.85,1,2,2,5,Low Value
15594,37.0,5,1771.78,1,2,2,5,Low Value
15253,37.0,8,2055.09,1,2,2,5,Low Value
17034,37.0,5,1283.92,1,2,2,5,Low Value
16660,37.0,7,1879.55,1,2,2,5,Low Value
13644,37.0,4,2624.26,1,2,2,5,Low Value
17463,37.0,7,2557.91,1,2,2,5,Low Value
16066,38.0,5,1521.87,1,2,2,5,Low Value
14336,38.0,4,1614.91,1,2,2,5,Low Value
14912,38.0,6,1889.25,1,2,2,5,Low Value
15814,38.0,6,2634.44,1,2,2,5,Low Value
12775,38.0,7,1686.12,1,2,2,5,Low Value
12586,38.0,4,2062.67,1,2,2,5,Low Value
17759,38.0,5,1276.91,1,2,2,5,Low Value
16633,38.0,6,2883.1,1,2,2,5,Low Value
14657,38.0,6,1460.87,1,2,2,5,Low Value
15116,38.0,4,1352.75,1,2,2,5,Low Value
17073,39.0,4,1446.09,1,2,2,5,Low Value
14834,39.0,7,2206.16,1,2,2,5,Low Value
13456,39.0,6,1766.72,1,2,2,5,Low Value
15106,39.0,5,1422.52,1,2,2,5,Low Value
14297,39.0,4,1305.33,1,2,2,5,Low Value
16369,39.0,7,2664.81,1,2,2,5,Low Value
13282,39.0,4,1313.19,1,2,2,5,Low Value
15671,39.0,7,2657.13,1,2,2,5,Low Value
15676,39.0,3,3435.76,1,3,1,5,Low Value
14449,39.0,8,2482.8,1,2,2,5,Low Value
14447,40.0,6,1711.73,1,2,2,5,Low Value
16366,40.0,4,1548.13,1,2,2,5,Low Value
14984,40.0,6,1271.41,1,2,2,5,Low Value
12597,40.0,4,3811.22,2,2,1,5,Low Value
14553,40.0,9,1841.54,2,1,2,5,Low Value
13118,40.0,9,2415.41,2,1,2,5,Low Value
15906,40.0,10,2555.64,2,1,2,5,Low Value
14502,41.0,11,2470.67,2,1,2,5,Low Value
12778,41.0,9,1775.68,2,1,2,5,Low Value
17621,42.0,6,3175.12,2,2,1,5,Low Value
16350,42.0,9,2253.89,2,1,2,5,Low Value
14820,42.0,9,1274.76,2,1,2,5,Low Value
15494,42.0,5,3780.05,2,2,1,5,Low Value
14285,42.0,8,3284.42,2,2,1,5,Low Value
13094,42.0,13,2433.12,2,1,2,5,Low Value
17888,42.0,25,1820.44,2,1,2,5,Low Value
12578,42.0,4,4642.45,2,2,1,5,Low Value
12444,42.0,5,5005.46,2,2,1,5,Low Value
13117,42.0,18,2643.81,2,1,2,5,Low Value
12406,43.0,5,6390.36,2,2,1,5,Low Value
15081,43.0,12,1965.72,2,1,2,5,Low Value
16531,43.0,11,2298.33,2,1,2,5,Low Value
15811,43.0,7,3890.52,2,2,1,5,Low Value
12449,43.0,6,4835.89,2,2,1,5,Low Value
12539,43.0,7,11214.75,2,2,1,5,Low Value
16638,44.0,15,2430.53,2,1,2,5,Low Value
12753,44.0,6,21429.39,2,2,1,5,Low Value
12356,44.0,6,6373.68,2,2,1,5,Low Value
16809,44.0,9,1727.43,2,1,2,5,Low Value
17368,44.0,14,2826.14,2,1,2,5,Low Value
16085,44.0,12,2343.53,2,1,2,5,Low Value
13131,44.0,7,3313.77,2,2,1,5,Low Value
13285,44.0,6,3364.59,2,2,1,5,Low Value
14286,45.0,7,8479.76,2,2,1,5,Low Value
13410,45.0,9,2201.96,2,1,2,5,Low Value
18259,45.0,7,4318.2,2,2,1,5,Low Value
12676,45.0,11,2843.09,2,1,2,5,Low Value
13692,46.0,5,3114.4,2,2,1,5,Low Value
16341,46.0,7,3850.79,2,2,1,5,Low Value
15660,46.0,15,2812.99,2,1,2,5,Low Value
15050,46.0,5,4193.79,2,2,1,5,Low Value
12374,46.0,4,2989.22,2,2,1,5,Low Value
16303,47.0,7,7928.27,2,2,1,5,Low Value
17720,47.0,10,2768.91,2,1,2,5,Low Value
12865,47.0,4,3323.47,2,2,1,5,Low Value
13700,47.0,13,2613.46,2,1,2,5,Low Value
13984,47.0,12,2048.6,2,1,2,5,Low Value
17790,48.0,20,2783.61,2,1,2,5,Low Value
16560,48.0,8,3048.38,2,2,1,5,Low Value
13895,49.0,6,4008.52,2,2,1,5,Low Value
12480,49.0,7,5464.85,2,2,1,5,Low Value
16332,49.0,11,2010.41,2,1,2,5,Low Value
17162,50.0,10,1715.46,2,1,2,5,Low Value
14226,50.0,6,3002.53,2,2,1,5,Low Value
14035,50.0,9,2856.72,2,1,2,5,Low Value
18135,50.0,10,1249.62,2,1,2,5,Low Value
16907,50.0,9,1707.9,2,1,2,5,Low Value
16434,50.0,12,2741.74,2,1,2,5,Low Value
12473,50.0,5,3938.55,2,2,1,5,Low Value
12599,50.0,13,2296.72,2,1,2,5,Low Value
18236,51.0,12,1795.35,2,1,2,5,Low Value
16996,51.0,9,2123.61,2,1,2,5,Low Value
17702,51.0,6,3144.04,2,2,1,5,Low Value
15485,51.0,7,5771.51,2,2,1,5,Low Value
17867,51.0,15,1621.28,2,1,2,5,Low Value
13623,52.0,10,2566.49,2,1,2,5,Low Value
13643,52.0,10,2156.77,2,1,2,5,Low Value
18177,52.0,9,2216.87,2,1,2,5,Low Value
13110,52.0,12,2957.47,2,1,2,5,Low Value
13695,52.0,16,2770.73,2,1,2,5,Low Value
17515,52.0,9,1617.46,2,1,2,5,Low Value
12849,52.0,6,3090.56,2,2,1,5,Low Value
14524,52.0,13,2933.71,2,1,2,5,Low Value
17289,52.0,9,2079.39,2,1,2,5,Low Value
16732,53.0,4,4387.64,2,2,1,5,Low Value
18036,53.0,11,1563.64,2,1,2,5,Low Value
14700,53.0,5,3116.26,2,2,1,5,Low Value
14623,53.0,10,2059.58,2,1,2,5,Low Value
16053,54.0,6,3634.84,2,2,1,5,Low Value
17082,54.0,6,4732.03,2,2,1,5,Low Value
13523,54.0,6,5101.52,2,2,1,5,Low Value
18170,54.0,9,2878.0,2,1,2,5,Low Value
12645,54.0,8,3539.3,2,2,1,5,Low Value
14404,54.0,13,2899.11,2,1,2,5,Low Value
13772,55.0,8,3114.22,2,2,1,5,Low Value
16012,56.0,5,2989.79,2,2,1,5,Low Value
17193,56.0,9,2310.04,2,1,2,5,Low Value
17351,57.0,12,1988.23,2,1,2,5,Low Value
12352,57.0,10,2849.84,2,1,2,5,Low Value
15605,57.0,9,1936.8,2,1,2,5,Low Value
17634,57.0,9,2361.97,2,1,2,5,Low Value
15227,58.0,9,2488.49,2,1,2,5,Low Value
16221,58.0,9,2235.51,2,1,2,5,Low Value
13728,58.0,16,2855.17,2,1,2,5,Low Value
13477,58.0,11,2834.17,2,1,2,5,Low Value
12830,59.0,6,6814.64,2,2,1,5,Low Value
16308,59.0,7,5120.0,2,2,1,5,Low Value
17966,59.0,10,1974.42,2,1,2,5,Low Value
15065,59.0,5,3326.86,2,2,1,5,Low Value
13461,60.0,6,4160.0,2,2,1,5,Low Value
15974,60.0,7,3442.15,2,2,1,5,Low Value
12909,60.0,8,3103.19,2,2,1,5,Low Value
17609,61.0,11,1894.34,2,1,2,5,Low Value
15860,62.0,17,2505.21,2,1,2,5,Low Value
14810,62.0,13,2537.02,2,1,2,5,Low Value
16235,62.0,9,2053.71,2,1,2,5,Low Value
12432,64.0,5,5059.32,2,2,1,5,Low Value
18287,64.0,7,4182.99,2,2,1,5,Low Value
14738,64.0,9,1821.9,2,1,2,5,Low Value
15791,65.0,5,3608.34,2,2,1,5,Low Value
17470,65.0,11,2804.87,2,1,2,5,Low Value
14315,65.0,8,3197.82,2,2,1,5,Low Value
12371,66.0,5,4067.38,2,2,1,5,Low Value
16225,66.0,15,2867.41,2,1,2,5,Low Value
18079,66.0,5,4242.75,2,2,1,5,Low Value
15786,67.0,5,8514.82,2,2,1,5,Low Value
14145,67.0,7,7600.05,2,2,1,5,Low Value
16742,67.0,14,2852.61,2,1,2,5,Low Value
16007,69.0,7,3075.14,2,2,1,5,Low Value
16768,69.0,9,1708.12,2,1,2,5,Low Value
17672,71.0,7,5778.63,2,2,1,5,Low Value
17354,72.0,4,3143.46,2,2,1,5,Low Value
12370,72.0,7,4320.31,2,2,1,5,Low Value
14306,72.0,6,3151.4,2,2,1,5,Low Value
16470,72.0,11,2458.6,2,1,2,5,Low Value
13849,73.0,5,3469.3,2,2,1,5,Low Value
13032,73.0,9,2843.55,2,1,2,5,Low Value
15140,73.0,8,3243.69,2,2,1,5,Low Value
17262,73.0,11,2757.62,2,1,2,5,Low Value
14861,73.0,10,1380.73,2,1,2,5,Low Value
15505,74.0,5,3610.96,2,2,1,5,Low Value
17679,74.0,7,3577.61,2,2,1,5,Low Value
16563,75.0,6,4422.76,2,2,1,5,Low Value
16206,76.0,13,2602.32,2,1,2,5,Low Value
12454,77.0,5,16679.78,2,2,1,5,Low Value
17180,77.0,11,2256.98,2,1,2,5,Low Value
12631,78.0,6,3481.57,2,2,1,5,Low Value
12876,78.0,4,4081.79,2,2,1,5,Low Value
16770,78.0,9,1932.13,2,1,2,5,Low Value
13464,79.0,6,3097.64,2,2,1,5,Low Value
12633,80.0,7,5678.16,2,2,1,5,Low Value
15038,80.0,9,1309.86,2,1,2,5,Low Value
14541,80.0,14,2499.68,2,1,2,5,Low Value
13208,80.0,9,1988.5,2,1,2,5,Low Value
18171,80.0,9,2437.31,2,1,2,5,Low Value
15281,80.0,16,8543.57,3,1,1,5,Low Value
15199,80.0,10,3122.4,3,1,1,5,Low Value
12836,80.0,15,6585.62,3,1,1,5,Low Value
17863,80.0,12,5745.2,3,1,1,5,Low Value
12530,80.0,9,3759.26,3,1,1,5,Low Value
14175,81.0,8,7678.88,3,1,1,5,Low Value
14952,81.0,32,17629.35,3,1,1,5,Low Value
17552,81.0,12,3085.29,3,1,1,5,Low Value
17589,81.0,18,14049.87,3,1,1,5,Low Value
14535,81.0,9,6030.73,3,1,1,5,Low Value
14451,81.0,12,3308.77,3,1,1,5,Low Value
16395,81.0,14,3537.85,3,1,1,5,Low Value
14514,82.0,9,4598.98,3,1,1,5,Low Value
15606,82.0,17,5230.99,3,1,1,5,Low Value
15874,84.0,21,11284.76,3,1,1,5,Low Value
16455,84.0,11,4384.37,3,1,1,5,Low Value
14844,85.0,10,6702.43,3,1,1,5,Low Value
16477,85.0,11,4320.02,3,1,1,5,Low Value
14257,85.0,9,5954.45,3,1,1,5,Low Value
12939,85.0,20,25264.8,3,1,1,5,Low Value
13771,85.0,9,5728.82,3,1,1,5,Low Value
16316,85.0,13,5744.91,3,1,1,5,Low Value
15518,85.0,15,4218.94,3,1,1,5,Low Value
15306,85.0,9,3484.73,3,1,1,5,Low Value
12843,86.0,30,6588.41,3,1,1,5,Low Value
16059,87.0,12,3217.77,3,1,1,5,Low Value
13552,87.0,22,6978.92,3,1,1,5,Low Value
17667,87.0,9,3950.7,3,1,1,5,Low Value
13317,87.0,19,6486.09,3,1,1,5,Low Value
15255,87.0,9,3729.42,3,1,1,5,Low Value
16556,88.0,17,8012.58,3,1,1,5,Low Value
15241,88.0,11,3050.16,3,1,1,5,Low Value
15299,88.0,10,7991.54,3,1,1,5,Low Value
12637,88.0,12,8340.31,3,1,1,5,Low Value
16875,88.0,11,4234.53,3,1,1,5,Low Value
14970,89.0,12,4919.35,3,1,1,5,Low Value
18008,91.0,23,19787.13,3,1,1,5,Low Value
15321,92.0,12,6709.73,3,1,1,5,Low Value
14409,92.0,9,3756.09,3,1,1,5,Low Value
17819,93.0,12,6612.52,3,1,1,5,Low Value
13901,93.0,15,5676.34,3,1,1,5,Low Value
16182,93.0,9,9971.65,3,1,1,5,Low Value
14978,93.0,10,3142.14,3,1,1,5,Low Value
13397,94.0,10,3191.87,3,1,1,5,Low Value
15827,94.0,28,3794.07,3,1,1,5,Low Value
12455,94.0,10,5879.95,3,1,1,5,Low Value
15674,94.0,13,6948.23,3,1,1,5,Low Value
13555,94.0,13,8999.19,3,1,1,5,Low Value
14101,94.0,13,9961.93,3,1,1,5,Low Value
17061,95.0,11,5232.23,3,1,1,5,Low Value
12823,96.0,18,6501.5,3,1,1,5,Low Value
14235,96.0,9,4717.99,3,1,1,5,Low Value
14854,99.0,11,4322.86,3,1,1,5,Low Value
12609,99.0,9,3435.86,3,1,1,5,Low Value
16735,100.0,14,6270.56,3,1,1,5,Low Value
17873,101.0,18,6515.88,3,1,1,5,Low Value
16928,101.0,29,4113.23,3,1,1,5,Low Value
17848,102.0,30,3650.9,3,1,1,5,Low Value
13562,103.0,8,4838.18,3,1,1,5,Low Value
18094,103.0,13,6391.52,3,1,1,5,Low Value
17802,103.0,10,5053.12,3,1,1,5,Low Value
15523,105.0,16,17359.99,3,1,1,5,Low Value
15410,105.0,10,4685.72,3,1,1,5,Low Value
16709,106.0,14,9087.46,3,1,1,5,Low Value
13141,106.0,17,7668.58,3,1,1,5,Low Value
16745,108.0,17,7194.3,3,1,1,5,Low Value
18251,108.0,9,26278.86,3,1,1,5,Low Value
16098,109.0,14,4448.1,3,1,1,5,Low Value
15764,109.0,8,4503.08,3,1,1,5,Low Value
15673,109.0,9,6414.79,3,1,1,5,Low Value
16984,109.0,9,10754.8,3,1,1,5,Low Value
16209,110.0,9,4146.78,3,1,1,5,Low Value
14307,110.0,10,5071.03,3,1,1,5,Low Value
13611,110.0,10,3319.53,3,1,1,5,Low Value
15939,111.0,16,9060.39,3,1,1,5,Low Value
14837,111.0,9,3460.32,3,1,1,5,Low Value
18093,114.0,8,4452.71,3,1,1,5,Low Value
16400,115.0,9,3159.44,3,1,1,5,Low Value
13851,116.0,8,4606.46,3,1,1,5,Low Value
13931,117.0,11,5257.38,3,1,1,5,Low Value
12422,117.0,17,5231.8,3,1,1,5,Low Value
17050,117.0,11,4691.79,3,1,1,5,Low Value
17774,117.0,9,3328.05,3,1,1,5,Low Value
18087,119.0,17,14761.52,3,1,1,5,Low Value
16456,120.0,13,6862.91,3,1,1,5,Low Value
13631,121.0,11,3070.42,3,1,1,5,Low Value
16180,121.0,13,16249.87,3,1,1,5,Low Value
15260,121.0,25,9188.23,3,1,1,5,Low Value
15596,122.0,9,3130.04,3,1,1,5,Low Value
15095,124.0,10,3141.64,3,1,1,5,Low Value
15625,125.0,9,3236.4,3,1,1,5,Low Value
15569,125.0,10,3586.35,3,1,1,5,Low Value
15641,126.0,12,5345.55,3,1,1,5,Low Value
17146,126.0,13,5860.24,3,1,1,5,Low Value
14210,126.0,16,5861.52,3,1,1,5,Low Value
16503,128.0,11,3614.34,3,1,1,5,Low Value
15812,128.0,12,5201.47,3,1,1,5,Low Value
13593,129.0,14,5523.69,3,1,1,5,Low Value
16550,130.0,18,9435.13,3,1,1,5,Low Value
14364,130.0,8,3717.35,3,1,1,5,Low Value
17083,130.0,9,4049.79,3,1,1,5,Low Value
14045,130.0,16,11313.03,3,1,1,5,Low Value
13027,135.0,19,17335.2,3,1,1,5,Low Value
15122,135.0,11,4497.47,3,1,1,5,Low Value
18073,135.0,12,3877.52,3,1,1,5,Low Value
14918,137.0,9,5955.81,3,1,1,5,Low Value
15768,137.0,34,15601.09,3,1,1,5,Low Value
15002,137.0,9,4817.28,3,1,1,5,Low Value
15581,142.0,38,7794.59,3,1,1,5,Low Value
13162,143.0,16,9275.49,3,1,1,5,Low Value
17085,144.0,28,7891.41,3,1,1,5,Low Value
13869,144.0,10,8111.57,3,1,1,5,Low Value
13082,147.0,21,7335.75,3,1,1,5,Low Value
17400,147.0,8,4677.05,3,1,1,5,Low Value
17457,147.0,14,5984.81,3,1,1,5,Low Value
17692,148.0,12,2975.8,3,1,1,5,Low Value
14344,148.0,20,3333.7,3,1,1,5,Low Value
12643,149.0,12,8350.42,3,1,1,5,Low Value
18178,150.0,11,6103.74,3,1,1,5,Low Value
13722,152.0,10,5635.41,3,1,1,5,Low Value
18064,154.0,11,4495.03,3,1,1,5,Low Value
15245,155.0,8,4610.84,3,1,1,5,Low Value
17931,155.0,14,3437.29,3,1,1,5,Low Value
12853,156.0,11,3907.5,3,1,1,5,Low Value
15372,158.0,8,6017.06,3,1,1,5,Low Value
13037,159.0,12,3914.95,3,1,1,5,Low Value
13802,160.0,19,26259.11,3,1,1,5,Low Value
12510,164.0,9,5178.02,3,1,1,5,Low Value
13564,165.0,37,17249.55,3,1,1,5,Low Value
15716,167.0,11,3056.81,3,1,1,5,Low Value
14461,169.0,13,6713.5,3,1,1,5,Low Value
15182,175.0,11,2998.95,3,1,1,5,Low Value
13291,177.0,11,3320.84,3,1,1,5,Low Value
16919,177.0,24,5125.91,3,1,1,5,Low Value
12980,179.0,21,16245.78,3,1,1,5,Low Value
14016,183.0,11,11403.41,3,1,1,5,Low Value
16553,184.0,33,16644.01,3,1,1,5,Low Value
13929,190.0,11,3494.1,3,1,1,5,Low Value
15379,190.0,8,4877.84,3,1,1,5,Low Value
18260,193.0,23,9962.11,3,1,1,5,Low Value
17204,196.0,9,5504.69,3,1,1,5,Low Value
18168,197.0,16,3770.27,3,1,1,5,Low Value
17409,206.0,10,7793.51,3,1,1,5,Low Value
15910,22.0,15,2681.8,1,1,2,4,Low Value
12423,22.0,10,2622.39,1,1,2,4,Low Value
17490,22.0,9,2750.5,1,1,2,4,Low Value
16794,22.0,15,2090.91,1,1,2,4,Low Value
13026,22.0,9,1733.08,1,1,2,4,Low Value
13536,22.0,7,3448.29,1,2,1,4,Low Value
13890,22.0,14,2927.38,1,1,2,4,Low Value
15484,22.0,6,4656.0,1,2,1,4,Low Value
16891,23.0,11,2056.82,1,1,2,4,Low Value
14129,23.0,9,2591.34,1,1,2,4,Low Value
12358,23.0,5,3887.07,1,2,1,4,Low Value
17097,23.0,9,1340.45,1,1,2,4,Low Value
16426,23.0,10,1908.25,1,1,2,4,Low Value
13685,24.0,7,3119.44,1,2,1,4,Low Value
16817,24.0,13,2804.9,1,1,2,4,Low Value
12826,24.0,12,2955.75,1,1,2,4,Low Value
14794,24.0,10,1953.9,1,1,2,4,Low Value
14397,24.0,19,2612.96,1,1,2,4,Low Value
16987,24.0,11,2535.9,1,1,2,4,Low Value
16711,24.0,9,2868.48,1,1,2,4,Low Value
12820,24.0,11,2689.52,1,1,2,4,Low Value
16076,24.0,10,2234.73,1,1,2,4,Low Value
16016,24.0,11,2533.94,1,1,2,4,Low Value
14673,24.0,7,3410.81,1,2,1,4,Low Value
17705,24.0,11,2083.9,1,1,2,4,Low Value
14871,24.0,9,1258.97,1,1,2,4,Low Value
14503,24.0,6,3543.26,1,2,1,4,Low Value
13104,24.0,9,1709.1,1,1,2,4,Low Value
13755,24.0,9,2161.35,1,1,2,4,Low Value
16979,24.0,9,2859.74,1,1,2,4,Low Value
18283,24.0,22,2736.65,1,1,2,4,Low Value
16764,25.0,13,2799.25,1,1,2,4,Low Value
12877,25.0,20,2955.17,1,1,2,4,Low Value
14737,25.0,4,3554.17,1,2,1,4,Low Value
12584,25.0,9,2338.15,1,1,2,4,Low Value
17728,25.0,5,4238.76,1,2,1,4,Low Value
16600,25.0,13,2153.41,1,1,2,4,Low Value
13173,25.0,11,2639.35,1,1,2,4,Low Value
15550,25.0,12,2218.8,1,1,2,4,Low Value
17676,25.0,10,2765.84,1,1,2,4,Low Value
14083,25.0,11,1407.26,1,1,2,4,Low Value
15033,25.0,10,2586.67,1,1,2,4,Low Value
16360,25.0,6,3512.53,1,2,1,4,Low Value
13704,26.0,9,2308.06,1,1,2,4,Low Value
17750,26.0,9,1797.57,1,1,2,4,Low Value
13838,27.0,10,1966.09,1,1,2,4,Low Value
17629,27.0,10,2455.52,1,1,2,4,Low Value
17584,28.0,6,5309.42,1,2,1,4,Low Value
16359,28.0,16,2697.75,1,1,2,4,Low Value
13884,28.0,10,1888.48,1,1,2,4,Low Value
12970,28.0,10,1524.97,1,1,2,4,Low Value
15123,28.0,5,4656.17,1,2,1,4,Low Value
16440,28.0,6,3856.97,1,2,1,4,Low Value
12700,29.0,4,4939.99,1,2,1,4,Low Value
14897,29.0,8,3140.54,1,2,1,4,Low Value
17183,29.0,6,3347.31,1,2,1,4,Low Value
13297,29.0,7,4368.62,1,2,1,4,Low Value
14655,29.0,7,3878.51,1,2,1,4,Low Value
16813,29.0,10,1692.98,1,1,2,4,Low Value
15434,29.0,11,2567.06,1,1,2,4,Low Value
15862,29.0,13,2928.29,1,1,2,4,Low Value
17768,29.0,7,3509.51,1,2,1,4,Low Value
14659,29.0,9,2529.93,1,1,2,4,Low Value
15021,30.0,12,2783.83,1,1,2,4,Low Value
17937,30.0,7,4301.22,1,2,1,4,Low Value
16915,30.0,11,1543.18,1,1,2,4,Low Value
17288,30.0,11,2499.98,1,1,2,4,Low Value
13362,30.0,7,5394.07,1,2,1,4,Low Value
13647,31.0,8,3071.68,1,2,1,4,Low Value
16115,31.0,12,2575.14,1,1,2,4,Low Value
15782,31.0,4,4014.1,1,2,1,4,Low Value
13203,31.0,10,2648.25,1,1,2,4,Low Value
13784,31.0,14,2910.23,1,1,2,4,Low Value
12798,31.0,4,8510.93,1,2,1,4,Low Value
14723,31.0,11,2093.06,1,1,2,4,Low Value
12670,31.0,7,3760.29,1,2,1,4,Low Value
14711,31.0,11,2868.8,1,1,2,4,Low Value
13211,31.0,10,2729.32,1,1,2,4,Low Value
12627,31.0,7,4478.53,1,2,1,4,Low Value
14901,32.0,12,2289.65,1,1,2,4,Low Value
13196,32.0,7,3068.84,1,2,1,4,Low Value
14704,32.0,11,1813.57,1,1,2,4,Low Value
17924,33.0,8,3536.7,1,2,1,4,Low Value
13610,33.0,14,2175.88,1,1,2,4,Low Value
16005,33.0,10,2436.22,1,1,2,4,Low Value
16942,33.0,9,1920.59,1,1,2,4,Low Value
15747,33.0,9,2562.61,1,1,2,4,Low Value
17236,34.0,12,1929.26,1,1,2,4,Low Value
13782,34.0,13,1793.72,1,1,2,4,Low Value
16407,34.0,14,2821.65,1,1,2,4,Low Value
14710,35.0,13,1922.59,1,1,2,4,Low Value
13437,35.0,7,3408.06,1,2,1,4,Low Value
13184,35.0,10,1701.29,1,1,2,4,Low Value
17348,36.0,9,2476.41,1,1,2,4,Low Value
15134,36.0,10,1596.29,1,1,2,4,Low Value
17323,36.0,12,1565.59,1,1,2,4,Low Value
18188,36.0,6,3280.59,1,2,1,4,Low Value
13719,36.0,11,2815.25,1,1,2,4,Low Value
17345,36.0,10,1604.68,1,1,2,4,Low Value
16609,36.0,7,5493.46,1,2,1,4,Low Value
13588,37.0,9,2478.95,1,1,2,4,Low Value
15632,37.0,8,3285.31,1,2,1,4,Low Value
12494,37.0,9,1872.87,1,1,2,4,Low Value
12948,37.0,9,2317.43,1,1,2,4,Low Value
17135,37.0,10,1954.16,1,1,2,4,Low Value
14205,38.0,9,2414.2,1,1,2,4,Low Value
14790,38.0,10,2526.62,1,1,2,4,Low Value
14506,38.0,7,3290.67,1,2,1,4,Low Value
14467,38.0,12,2220.99,1,1,2,4,Low Value
17075,39.0,10,2241.73,1,1,2,4,Low Value
16532,39.0,5,8756.64,1,2,1,4,Low Value
18139,39.0,6,8438.34,1,2,1,4,Low Value
17324,39.0,12,2301.87,1,1,2,4,Low Value
16107,39.0,7,3204.16,1,2,1,4,Low Value
17432,39.0,9,1751.39,1,1,2,4,Low Value
14198,39.0,9,1569.73,1,1,2,4,Low Value
13862,39.0,9,2556.09,1,1,2,4,Low Value
14587,40.0,9,1601.14,1,1,2,4,Low Value
17227,40.0,12,2022.03,1,1,2,4,Low Value
13823,40.0,7,3403.45,1,2,1,4,Low Value
12349,40.0,4,4428.69,1,2,1,4,Low Value
15426,40.0,9,2615.39,1,1,2,4,Low Value
15044,40.0,35,16204.33,2,1,1,4,Low Value
12523,40.0,23,4372.15,2,1,1,4,Low Value
14159,40.0,20,7938.01,2,1,1,4,Low Value
14525,41.0,17,8240.64,2,1,1,4,Low Value
12540,41.0,33,22254.49,2,1,1,4,Low Value
13988,41.0,8,4757.8,2,1,1,4,Low Value
15465,41.0,32,12655.65,2,1,1,4,Low Value
17961,42.0,100,2995.54,2,1,1,4,Low Value
17063,42.0,13,3638.53,2,1,1,4,Low Value
16279,42.0,9,5705.08,2,1,1,4,Low Value
13880,42.0,17,4391.66,2,1,1,4,Low Value
14593,42.0,12,3712.01,2,1,1,4,Low Value
12931,42.0,57,92347.34,2,1,1,4,Low Value
16945,43.0,33,8548.16,2,1,1,4,Low Value
12380,43.0,11,9676.3,2,1,1,4,Low Value
18061,43.0,28,6488.97,2,1,1,4,Low Value
14849,43.0,43,15763.45,2,1,1,4,Low Value
16293,43.0,15,4657.95,2,1,1,4,Low Value
13941,43.0,15,11122.3,2,1,1,4,Low Value
15983,43.0,8,3958.82,2,1,1,4,Low Value
13313,43.0,12,3445.32,2,1,1,4,Low Value
17799,43.0,20,6341.89,2,1,1,4,Low Value
16656,43.0,30,16833.17,2,1,1,4,Low Value
13815,43.0,8,7475.74,2,1,1,4,Low Value
12647,43.0,36,17924.35,2,1,1,4,Low Value
16186,43.0,26,9026.11,2,1,1,4,Low Value
17147,43.0,9,3199.95,2,1,1,4,Low Value
14112,43.0,13,5834.59,2,1,1,4,Low Value
17716,44.0,24,15956.97,2,1,1,4,Low Value
15529,44.0,12,5111.95,2,1,1,4,Low Value
12567,44.0,15,13709.86,2,1,1,4,Low Value
17613,44.0,14,4559.15,2,1,1,4,Low Value
13871,44.0,17,7885.85,2,1,1,4,Low Value
12477,44.0,9,20276.37,2,1,1,4,Low Value
12481,44.0,15,12361.39,2,1,1,4,Low Value
15805,44.0,30,10189.23,2,1,1,4,Low Value
12500,44.0,19,5955.21,2,1,1,4,Low Value
12626,44.0,9,6620.48,2,1,1,4,Low Value
15967,44.0,12,3041.6,2,1,1,4,Low Value
15051,44.0,9,3935.16,2,1,1,4,Low Value
18075,44.0,20,5783.29,2,1,1,4,Low Value
14898,44.0,14,3507.81,2,1,1,4,Low Value
12910,44.0,13,5796.52,2,1,1,4,Low Value
17596,44.0,13,4920.67,2,1,1,4,Low Value
13629,44.0,19,13370.86,2,1,1,4,Low Value
14426,44.0,17,11727.94,2,1,1,4,Low Value
14507,44.0,11,3284.43,2,1,1,4,Low Value
16717,44.0,14,6986.23,2,1,1,4,Low Value
12731,45.0,17,25775.71,2,1,1,4,Low Value
17377,45.0,78,18319.41,2,1,1,4,Low Value
14626,45.0,11,5410.92,2,1,1,4,Low Value
14057,45.0,22,8408.84,2,1,1,4,Low Value
16008,45.0,15,5384.13,2,1,1,4,Low Value
12415,45.0,28,144458.37,2,1,1,4,Low Value
15955,45.0,22,8658.36,2,1,1,4,Low Value
17220,45.0,21,4481.75,2,1,1,4,Low Value
14640,45.0,10,3667.06,2,1,1,4,Low Value
14533,45.0,11,3466.37,2,1,1,4,Low Value
13735,46.0,13,9813.22,2,1,1,4,Low Value
13632,46.0,8,3648.15,2,1,1,4,Low Value
17314,46.0,17,4904.43,2,1,1,4,Low Value
15981,46.0,21,9362.77,2,1,1,4,Low Value
14680,46.0,58,57412.77,2,1,1,4,Low Value
15681,46.0,14,2989.7,2,1,1,4,Low Value
13577,46.0,11,3489.28,2,1,1,4,Low Value
15058,46.0,16,3410.03,2,1,1,4,Low Value
15532,46.0,10,3771.9,2,1,1,4,Low Value
17044,46.0,12,11962.3,2,1,1,4,Low Value
15125,46.0,24,17024.87,2,1,1,4,Low Value
17652,46.0,12,4867.72,2,1,1,4,Low Value
15291,47.0,40,13846.56,2,1,1,4,Low Value
14530,47.0,16,6197.4,2,1,1,4,Low Value
17663,47.0,17,5175.83,2,1,1,4,Low Value
15365,47.0,13,4557.13,2,1,1,4,Low Value
12428,47.0,9,7956.46,2,1,1,4,Low Value
15203,47.0,15,4400.18,2,1,1,4,Low Value
13178,47.0,21,14059.19,2,1,1,4,Low Value
18069,47.0,11,4540.56,2,1,1,4,Low Value
13451,47.0,11,7190.92,2,1,1,4,Low Value
14227,47.0,15,6368.71,2,1,1,4,Low Value
12867,47.0,13,7913.29,2,1,1,4,Low Value
17287,47.0,21,4111.96,2,1,1,4,Low Value
16416,47.0,9,2972.88,2,1,1,4,Low Value
14882,47.0,14,3628.15,2,1,1,4,Low Value
14044,47.0,10,3123.1,2,1,1,4,Low Value
17211,47.0,13,4046.65,2,1,1,4,Low Value
13450,48.0,13,4120.04,2,1,1,4,Low Value
16571,48.0,10,4248.74,2,1,1,4,Low Value
17838,48.0,13,6722.9,2,1,1,4,Low Value
17069,49.0,14,5794.28,2,1,1,4,Low Value
17191,49.0,15,4836.05,2,1,1,4,Low Value
17071,49.0,13,3801.2,2,1,1,4,Low Value
13557,49.0,13,3032.26,2,1,1,4,Low Value
12726,49.0,11,4014.6,2,1,1,4,Low Value
14543,49.0,39,14906.77,2,1,1,4,Low Value
16912,49.0,15,4480.31,2,1,1,4,Low Value
17512,49.0,18,5467.82,2,1,1,4,Low Value
12600,50.0,21,5043.92,2,1,1,4,Low Value
12589,50.0,8,4695.66,2,1,1,4,Low Value
12712,50.0,21,7193.66,2,1,1,4,Low Value
16791,50.0,15,4038.69,2,1,1,4,Low Value
14748,50.0,10,3152.32,2,1,1,4,Low Value
16126,50.0,15,14646.8,2,1,1,4,Low Value
13148,50.0,26,8621.81,2,1,1,4,Low Value
14466,50.0,13,4646.9,2,1,1,4,Low Value
14064,50.0,15,3332.42,2,1,1,4,Low Value
16743,50.0,14,4253.26,2,1,1,4,Low Value
17416,50.0,22,17298.45,2,1,1,4,Low Value
17059,50.0,9,5602.53,2,1,1,4,Low Value
16986,51.0,11,4888.75,2,1,1,4,Low Value
13983,51.0,21,7108.45,2,1,1,4,Low Value
17340,51.0,18,22404.82,2,1,1,4,Low Value
16218,51.0,13,4439.97,2,1,1,4,Low Value
16003,51.0,10,5613.83,2,1,1,4,Low Value
12708,51.0,18,5314.1,2,1,1,4,Low Value
14944,51.0,19,9784.67,2,1,1,4,Low Value
17690,51.0,20,7448.1,2,1,1,4,Low Value
15114,51.0,12,3400.12,2,1,1,4,Low Value
13209,51.0,13,8509.51,2,1,1,4,Low Value
13804,51.0,9,3208.52,2,1,1,4,Low Value
17865,51.0,46,26374.39,2,1,1,4,Low Value
12949,52.0,22,15526.7,2,1,1,4,Low Value
13384,52.0,11,6680.83,2,1,1,4,Low Value
15027,52.0,10,3195.6,2,1,1,4,Low Value
16767,52.0,15,8073.8,2,1,1,4,Low Value
16837,52.0,11,3170.98,2,1,1,4,Low Value
17160,52.0,17,10209.16,2,1,1,4,Low Value
14676,52.0,12,8356.79,2,1,1,4,Low Value
13975,52.0,12,5358.84,2,1,1,4,Low Value
15356,52.0,13,3464.95,2,1,1,4,Low Value
12721,52.0,8,4013.08,2,1,1,4,Low Value
13047,52.0,24,8795.16,2,1,1,4,Low Value
13381,53.0,12,8224.37,2,1,1,4,Low Value
15249,53.0,18,9266.0,2,1,1,4,Low Value
15950,53.0,10,7180.71,2,1,1,4,Low Value
13329,53.0,8,5112.97,2,1,1,4,Low Value
16187,53.0,15,6911.44,2,1,1,4,Low Value
12472,53.0,19,17880.59,2,1,1,4,Low Value
13824,53.0,12,3314.76,2,1,1,4,Low Value
15719,53.0,31,10223.06,2,1,1,4,Low Value
12408,53.0,8,4340.77,2,1,1,4,Low Value
15493,53.0,9,4314.98,2,1,1,4,Low Value
12484,54.0,12,6370.15,2,1,1,4,Low Value
15785,54.0,16,5969.93,2,1,1,4,Low Value
13097,54.0,28,13389.22,2,1,1,4,Low Value
16612,54.0,9,3245.43,2,1,1,4,Low Value
15513,54.0,35,27750.55,2,1,1,4,Low Value
17107,54.0,10,16075.42,2,1,1,4,Low Value
15696,54.0,13,3906.57,2,1,1,4,Low Value
13634,54.0,16,5073.47,2,1,1,4,Low Value
16771,54.0,10,3967.6,2,1,1,4,Low Value
12838,54.0,10,3398.48,2,1,1,4,Low Value
13527,54.0,12,4683.74,2,1,1,4,Low Value
16466,55.0,15,3838.59,2,1,1,4,Low Value
14936,55.0,12,12410.81,2,1,1,4,Low Value
12928,56.0,12,4304.89,2,1,1,4,Low Value
17203,56.0,10,5575.88,2,1,1,4,Low Value
12431,57.0,27,10857.97,2,1,1,4,Low Value
15722,57.0,11,5258.1,2,1,1,4,Low Value
17930,57.0,13,4275.22,2,1,1,4,Low Value
14913,57.0,8,4073.13,2,1,1,4,Low Value
16409,57.0,12,5709.04,2,1,1,4,Low Value
13324,57.0,18,10513.47,2,1,1,4,Low Value
15998,57.0,16,8308.34,2,1,1,4,Low Value
16841,58.0,12,4006.06,2,1,1,4,Low Value
17442,58.0,15,4620.3,2,1,1,4,Low Value
13316,58.0,10,13191.57,2,1,1,4,Low Value
12594,58.0,15,5090.11,2,1,1,4,Low Value
12779,59.0,14,6722.27,2,1,1,4,Low Value
17719,59.0,15,5396.04,2,1,1,4,Low Value
17965,59.0,29,7240.98,2,1,1,4,Low Value
16729,59.0,21,7239.92,2,1,1,4,Low Value
17696,59.0,27,7679.59,2,1,1,4,Low Value
16029,60.0,107,122209.14,2,1,1,4,Low Value
13327,60.0,20,9879.48,2,1,1,4,Low Value
13982,60.0,9,4445.59,2,1,1,4,Low Value
15329,60.0,11,2984.33,2,1,1,4,Low Value
18257,60.0,12,4600.15,2,1,1,4,Low Value
17396,60.0,14,8807.1,2,1,1,4,Low Value
15752,61.0,9,4207.54,2,1,1,4,Low Value
17213,61.0,13,5182.3,2,1,1,4,Low Value
13421,61.0,8,4103.12,2,1,1,4,Low Value
15521,61.0,16,7106.69,2,1,1,4,Low Value
14040,61.0,35,12645.57,2,1,1,4,Low Value
17372,62.0,28,4377.56,2,1,1,4,Low Value
15059,62.0,19,3523.57,2,1,1,4,Low Value
15370,62.0,8,3739.01,2,1,1,4,Low Value
15708,62.0,9,4378.72,2,1,1,4,Low Value
14221,63.0,17,6517.49,2,1,1,4,Low Value
12678,63.0,21,34281.18,2,1,1,4,Low Value
16150,63.0,10,4395.59,2,1,1,4,Low Value
14498,63.0,10,3911.27,2,1,1,4,Low Value
16843,64.0,35,19571.43,2,1,1,4,Low Value
13993,64.0,19,6775.71,2,1,1,4,Low Value
17669,64.0,10,6142.35,2,1,1,4,Low Value
15288,64.0,10,3883.13,2,1,1,4,Low Value
15622,64.0,17,7852.61,2,1,1,4,Low Value
13538,64.0,12,3112.73,2,1,1,4,Low Value
13654,64.0,11,6308.0,2,1,1,4,Low Value
14239,64.0,21,4263.17,2,1,1,4,Low Value
14004,64.0,11,6258.45,2,1,1,4,Low Value
13107,65.0,9,5253.07,2,1,1,4,Low Value
18226,65.0,26,11878.88,2,1,1,4,Low Value
16208,66.0,10,3440.45,2,1,1,4,Low Value
15240,66.0,12,4459.98,2,1,1,4,Low Value
14341,66.0,18,4467.32,2,1,1,4,Low Value
16258,66.0,15,11942.52,2,1,1,4,Low Value
13340,66.0,12,22100.56,2,1,1,4,Low Value
14001,67.0,9,4530.09,2,1,1,4,Low Value
13481,67.0,11,3830.84,2,1,1,4,Low Value
16444,67.0,17,3656.58,2,1,1,4,Low Value
16019,68.0,27,17465.85,2,1,1,4,Low Value
14312,68.0,11,3090.29,2,1,1,4,Low Value
16325,68.0,12,3597.5,2,1,1,4,Low Value
16686,68.0,16,5070.92,2,1,1,4,Low Value
14800,68.0,17,7774.32,2,1,1,4,Low Value
15819,70.0,10,3934.79,2,1,1,4,Low Value
13157,70.0,9,5687.36,2,1,1,4,Low Value
17940,70.0,16,30393.19,2,1,1,4,Low Value
16918,70.0,16,3213.29,2,1,1,4,Low Value
16497,71.0,23,6695.28,2,1,1,4,Low Value
16153,71.0,11,5133.49,2,1,1,4,Low Value
17092,71.0,11,5594.96,2,1,1,4,Low Value
15129,71.0,23,6860.18,2,1,1,4,Low Value
15296,72.0,12,10342.83,2,1,1,4,Low Value
15301,72.0,17,7603.44,2,1,1,4,Low Value
16170,72.0,20,6869.0,2,1,1,4,Low Value
14776,72.0,15,3708.3,2,1,1,4,Low Value
15754,72.0,9,3037.61,2,1,1,4,Low Value
14107,72.0,11,4877.3,2,1,1,4,Low Value
16131,73.0,12,9957.42,2,1,1,4,Low Value
12744,73.0,11,25317.06,2,1,1,4,Low Value
13491,73.0,27,4566.56,2,1,1,4,Low Value
12360,73.0,8,4252.89,2,1,1,4,Low Value
14639,73.0,9,4978.96,2,1,1,4,Low Value
12759,73.0,8,5020.74,2,1,1,4,Low Value
16940,73.0,8,6427.66,2,1,1,4,Low Value
16515,73.0,10,3216.3,2,1,1,4,Low Value
14841,74.0,14,7163.0,2,1,1,4,Low Value
17612,74.0,18,5394.86,2,1,1,4,Low Value
14211,74.0,18,4402.29,2,1,1,4,Low Value
13015,74.0,11,6586.42,2,1,1,4,Low Value
13750,74.0,11,3602.18,2,1,1,4,Low Value
13875,75.0,14,4814.37,2,1,1,4,Low Value
13136,77.0,13,6274.56,2,1,1,4,Low Value
16081,77.0,8,4460.18,2,1,1,4,Low Value
13213,78.0,11,3851.52,2,1,1,4,Low Value
16950,78.0,10,3784.37,2,1,1,4,Low Value
13911,78.0,20,4234.99,2,1,1,4,Low Value
12613,78.0,10,6835.07,2,1,1,4,Low Value
15367,78.0,11,5081.33,2,1,1,4,Low Value
12359,78.0,10,8935.94,2,1,1,4,Low Value
17509,79.0,8,6115.14,2,1,1,4,Low Value
14852,79.0,18,6147.18,2,1,1,4,Low Value
13842,80.0,18,5629.91,2,1,1,4,Low Value
17913,80.0,14,3479.64,2,1,1,4,Low Value
13520,80.0,11,6909.4,2,1,1,4,Low Value
16652,80.0,16,17550.39,2,1,1,4,Low Value
15421,80.0,10,3805.34,2,1,1,4,Low Value
13113,21.0,37,18625.73,1,1,1,3,Low Value
15804,21.0,13,4206.39,1,1,1,3,Low Value
13777,21.0,61,56478.42,1,1,1,3,Low Value
17581,21.0,43,18757.75,1,1,1,3,Low Value
12748,21.0,336,56599.39,1,1,1,3,Low Value
16705,21.0,42,43515.05,1,1,1,3,Low Value
15311,22.0,208,116771.16,1,1,1,3,Low Value
12662,22.0,20,6988.02,1,1,1,3,Low Value
16626,22.0,17,4413.1,1,1,1,3,Low Value
18102,22.0,145,608821.65,1,1,1,3,Low Value
14422,22.0,19,10271.52,1,1,1,3,Low Value
17754,22.0,13,4577.53,1,1,1,3,Low Value
16558,22.0,38,13873.51,1,1,1,3,Low Value
14051,22.0,37,22434.0,1,1,1,3,Low Value
12433,22.0,10,20581.26,1,1,1,3,Low Value
16954,22.0,20,6081.88,1,1,1,3,Low Value
17428,22.0,45,31819.76,1,1,1,3,Low Value
15694,22.0,24,10810.81,1,1,1,3,Low Value
17389,22.0,61,57224.68,1,1,1,3,Low Value
17001,22.0,19,6640.8,1,1,1,3,Low Value
14441,22.0,11,4611.69,1,1,1,3,Low Value
17364,22.0,28,12070.42,1,1,1,3,Low Value
13426,22.0,22,8167.38,1,1,1,3,Low Value
13069,22.0,38,9683.13,1,1,1,3,Low Value
15796,22.0,17,5175.83,1,1,1,3,Low Value
14702,22.0,29,6754.22,1,1,1,3,Low Value
14606,22.0,192,30861.06,1,1,1,3,Low Value
13077,22.0,11,3064.67,1,1,1,3,Low Value
17949,22.0,118,118628.08,1,1,1,3,Low Value
17530,22.0,12,3141.51,1,1,1,3,Low Value
16401,22.0,23,6849.15,1,1,1,3,Low Value
17675,22.0,70,38259.6,1,1,1,3,Low Value
12955,22.0,11,4757.16,1,1,1,3,Low Value
14621,22.0,9,3000.57,1,1,1,3,Low Value
17491,22.0,17,5981.07,1,1,1,3,Low Value
13599,22.0,33,10167.63,1,1,1,3,Low Value
14911,22.0,398,295972.63,1,1,1,3,Low Value
13798,22.0,110,75836.87,1,1,1,3,Low Value
17757,22.0,56,9422.45,1,1,1,3,Low Value
14796,22.0,27,10889.64,1,1,1,3,Low Value
15898,22.0,25,5596.31,1,1,1,3,Low Value
13013,22.0,29,12625.77,1,1,1,3,Low Value
13269,22.0,28,8891.7,1,1,1,3,Low Value
14415,22.0,23,12091.6,1,1,1,3,Low Value
13098,22.0,28,28882.44,1,1,1,3,Low Value
13263,22.0,39,8704.69,1,1,1,3,Low Value
13680,22.0,12,11435.67,1,1,1,3,Low Value
13510,22.0,11,4558.29,1,1,1,3,Low Value
14653,22.0,12,3614.54,1,1,1,3,Low Value
17644,22.0,20,6028.6,1,1,1,3,Low Value
14056,22.0,23,8214.65,1,1,1,3,Low Value
17528,22.0,8,3628.5,1,1,1,3,Low Value
17243,22.0,69,20889.86,1,1,1,3,Low Value
15189,22.0,46,17524.38,1,1,1,3,Low Value
16933,22.0,9,3181.25,1,1,1,3,Low Value
13102,22.0,37,11696.92,1,1,1,3,Low Value
17673,22.0,13,4233.58,1,1,1,3,Low Value
16210,22.0,35,38489.51,1,1,1,3,Low Value
17315,22.0,43,9650.6,1,1,1,3,Low Value
14646,22.0,151,528602.52,1,1,1,3,Low Value
16161,22.0,43,12831.8,1,1,1,3,Low Value
17841,22.0,211,70884.07,1,1,1,3,Low Value
15159,22.0,34,22116.73,1,1,1,3,Low Value
15187,23.0,16,4777.18,1,1,1,3,Low Value
14217,23.0,23,3416.89,1,1,1,3,Low Value
14135,23.0,24,9643.92,1,1,1,3,Low Value
18109,23.0,38,9893.96,1,1,1,3,Low Value
13394,23.0,19,6621.7,1,1,1,3,Low Value
12437,23.0,39,12683.4,1,1,1,3,Low Value
12621,23.0,35,24775.81,1,1,1,3,Low Value
15443,23.0,14,5175.93,1,1,1,3,Low Value
13468,23.0,72,13390.51,1,1,1,3,Low Value
14291,23.0,23,7904.1,1,1,1,3,Low Value
17677,23.0,54,36692.91,1,1,1,3,Low Value
14191,23.0,15,4817.66,1,1,1,3,Low Value
16523,23.0,28,11916.33,1,1,1,3,Low Value
13408,23.0,106,51733.46,1,1,1,3,Low Value
12935,23.0,15,4243.86,1,1,1,3,Low Value
15298,23.0,23,9459.37,1,1,1,3,Low Value
17449,23.0,13,4951.15,1,1,1,3,Low Value
17735,23.0,26,17244.93,1,1,1,3,Low Value
13756,23.0,23,9207.5,1,1,1,3,Low Value
16672,23.0,20,8134.94,1,1,1,3,Low Value
12569,23.0,32,4124.69,1,1,1,3,Low Value
14189,23.0,16,5814.39,1,1,1,3,Low Value
12347,23.0,8,5633.32,1,1,1,3,Low Value
12471,23.0,79,39963.79,1,1,1,3,Low Value
14032,23.0,16,4850.27,1,1,1,3,Low Value
13769,23.0,20,5800.42,1,1,1,3,Low Value
16525,23.0,48,24582.64,1,1,1,3,Low Value
17870,23.0,13,3108.15,1,1,1,3,Low Value
12615,23.0,8,5740.98,1,1,1,3,Low Value
13767,23.0,73,35540.53,1,1,1,3,Low Value
16779,23.0,53,33268.24,1,1,1,3,Low Value
13534,23.0,35,7720.9,1,1,1,3,Low Value
12747,23.0,26,9276.54,1,1,1,3,Low Value
14395,23.0,20,8208.01,1,1,1,3,Low Value
17602,23.0,14,7451.13,1,1,1,3,Low Value
14085,23.0,33,10104.97,1,1,1,3,Low Value
14132,23.0,11,3586.03,1,1,1,3,Low Value
13870,23.0,15,5712.08,1,1,1,3,Low Value
18092,23.0,18,16179.44,1,1,1,3,Low Value
16393,23.0,23,5561.66,1,1,1,3,Low Value
15498,23.0,44,26039.58,1,1,1,3,Low Value
16271,23.0,10,3463.02,1,1,1,3,Low Value
18272,23.0,9,4385.98,1,1,1,3,Low Value
15750,23.0,18,6797.19,1,1,1,3,Low Value
12839,23.0,26,10071.73,1,1,1,3,Low Value
14527,23.0,122,27792.3,1,1,1,3,Low Value
14534,23.0,26,6271.11,1,1,1,3,Low Value
16678,23.0,12,3109.99,1,1,1,3,Low Value
15984,23.0,30,8759.32,1,1,1,3,Low Value
13668,23.0,35,13089.94,1,1,1,3,Low Value
18219,24.0,17,3562.89,1,1,1,3,Low Value
17412,24.0,16,4417.52,1,1,1,3,Low Value
17238,24.0,32,7783.1,1,1,1,3,Low Value
16191,24.0,24,15688.02,1,1,1,3,Low Value
13267,24.0,36,9758.26,1,1,1,3,Low Value
17049,24.0,19,9947.48,1,1,1,3,Low Value
17091,24.0,19,7811.1,1,1,1,3,Low Value
14769,24.0,17,15771.88,1,1,1,3,Low Value
17511,24.0,60,175603.55,1,1,1,3,Low Value
16458,24.0,30,5715.34,1,1,1,3,Low Value
17017,24.0,29,14110.61,1,1,1,3,Low Value
13089,24.0,203,116737.86,1,1,1,3,Low Value
16539,24.0,10,3732.01,1,1,1,3,Low Value
12583,24.0,27,14447.44,1,1,1,3,Low Value
12720,24.0,30,8260.67,1,1,1,3,Low Value
15023,24.0,20,12170.68,1,1,1,3,Low Value
14282,24.0,25,7849.66,1,1,1,3,Low Value
17861,24.0,18,5127.69,1,1,1,3,Low Value
17730,24.0,20,7773.8,1,1,1,3,Low Value
12362,24.0,11,5356.23,1,1,1,3,Low Value
13078,24.0,57,29532.45,1,1,1,3,Low Value
12989,24.0,33,13551.75,1,1,1,3,Low Value
14293,24.0,9,3267.93,1,1,1,3,Low Value
15194,24.0,28,12427.69,1,1,1,3,Low Value
12417,24.0,20,6816.91,1,1,1,3,Low Value
14868,24.0,12,4184.01,1,1,1,3,Low Value
14572,24.0,11,5615.18,1,1,1,3,Low Value
14907,24.0,16,6165.79,1,1,1,3,Low Value
16143,24.0,12,4910.83,1,1,1,3,Low Value
13225,24.0,16,16260.07,1,1,1,3,Low Value
18225,24.0,26,13054.26,1,1,1,3,Low Value
13881,24.0,43,45179.1,1,1,1,3,Low Value
13199,24.0,67,16432.89,1,1,1,3,Low Value
14110,24.0,33,12987.95,1,1,1,3,Low Value
16353,24.0,38,9999.46,1,1,1,3,Low Value
12971,24.0,116,15972.79,1,1,1,3,Low Value
17346,24.0,26,5323.0,1,1,1,3,Low Value
14113,24.0,16,7092.61,1,1,1,3,Low Value
14735,24.0,56,12240.16,1,1,1,3,Low Value
15061,24.0,127,137818.52,1,1,1,3,Low Value
14825,25.0,24,4925.08,1,1,1,3,Low Value
17884,25.0,20,3072.89,1,1,1,3,Low Value
16133,25.0,56,22992.26,1,1,1,3,Low Value
14547,25.0,8,4007.54,1,1,1,3,Low Value
14562,25.0,26,6729.4,1,1,1,3,Low Value
16013,25.0,84,57446.44,1,1,1,3,Low Value
17593,25.0,11,8095.8,1,1,1,3,Low Value
13709,25.0,18,7591.75,1,1,1,3,Low Value
12682,25.0,52,24033.91,1,1,1,3,Low Value
12749,25.0,9,6897.36,1,1,1,3,Low Value
13694,25.0,143,196482.81,1,1,1,3,Low Value
12766,25.0,9,10068.28,1,1,1,3,Low Value
14096,25.0,17,65164.79,1,1,1,3,Low Value
15856,25.0,52,34220.34,1,1,1,3,Low Value
13985,25.0,22,10020.86,1,1,1,3,Low Value
14739,25.0,25,12287.5,1,1,1,3,Low Value
14608,25.0,11,3352.94,1,1,1,3,Low Value
13021,25.0,17,4887.24,1,1,1,3,Low Value
12683,25.0,21,12696.78,1,1,1,3,Low Value
17404,25.0,23,47781.12,1,1,1,3,Low Value
13230,25.0,30,6360.78,1,1,1,3,Low Value
13305,25.0,16,3754.71,1,1,1,3,Low Value
13001,25.0,33,24172.1,1,1,1,3,Low Value
18198,25.0,17,5425.56,1,1,1,3,Low Value
16200,25.0,12,5643.45,1,1,1,3,Low Value
15640,25.0,29,23957.58,1,1,1,3,Low Value
17920,25.0,54,24516.46,1,1,1,3,Low Value
18044,25.0,18,3505.61,1,1,1,3,Low Value
15031,25.0,14,3156.58,1,1,1,3,Low Value
16684,25.0,55,147142.77,1,1,1,3,Low Value
17218,25.0,18,4192.68,1,1,1,3,Low Value
16592,25.0,28,7807.91,1,1,1,3,Low Value
17811,25.0,47,9609.8,1,1,1,3,Low Value
17090,25.0,13,3149.48,1,1,1,3,Low Value
15854,25.0,21,5583.81,1,1,1,3,Low Value
17706,25.0,31,20749.98,1,1,1,3,Low Value
14401,25.0,22,6795.9,1,1,1,3,Low Value
17857,25.0,24,28682.24,1,1,1,3,Low Value
16904,25.0,21,5132.37,1,1,1,3,Low Value
16746,25.0,42,18066.4,1,1,1,3,Low Value
14649,25.0,9,3775.31,1,1,1,3,Low Value
14060,25.0,30,9519.08,1,1,1,3,Low Value
12913,25.0,13,6700.86,1,1,1,3,Low Value
16873,25.0,12,14617.39,1,1,1,3,Low Value
15290,26.0,26,10496.28,1,1,1,3,Low Value
12841,26.0,40,7540.68,1,1,1,3,Low Value
17526,26.0,12,4166.04,1,1,1,3,Low Value
14194,26.0,36,18670.59,1,1,1,3,Low Value
15628,26.0,17,5652.26,1,1,1,3,Low Value
17402,26.0,23,5096.18,1,1,1,3,Low Value
15572,26.0,10,4068.67,1,1,1,3,Low Value
13126,26.0,13,3998.25,1,1,1,3,Low Value
12782,26.0,11,4618.24,1,1,1,3,Low Value
18223,26.0,26,14000.85,1,1,1,3,Low Value
15358,26.0,42,17050.41,1,1,1,3,Low Value
12490,26.0,21,9823.64,1,1,1,3,Low Value
13435,26.0,9,4475.23,1,1,1,3,Low Value
17173,26.0,8,3766.6,1,1,1,3,Low Value
17954,26.0,19,3966.05,1,1,1,3,Low Value
16905,26.0,17,5034.15,1,1,1,3,Low Value
14456,26.0,9,3062.4,1,1,1,3,Low Value
13319,26.0,58,22082.5,1,1,1,3,Low Value
15867,26.0,31,9063.95,1,1,1,3,Low Value
16931,26.0,23,5233.62,1,1,1,3,Low Value
14546,26.0,11,5197.9,1,1,1,3,Low Value
16033,26.0,27,10836.13,1,1,1,3,Low Value
16283,26.0,8,4403.82,1,1,1,3,Low Value
17858,27.0,30,12797.65,1,1,1,3,Low Value
17618,27.0,11,4073.24,1,1,1,3,Low Value
18065,27.0,29,5866.63,1,1,1,3,Low Value
16326,27.0,24,4826.99,1,1,1,3,Low Value
14031,28.0,44,40999.17,1,1,1,3,Low Value
14493,28.0,10,5130.15,1,1,1,3,Low Value
13953,28.0,12,6640.68,1,1,1,3,Low Value
17567,28.0,9,5356.03,1,1,1,3,Low Value
15078,28.0,53,17761.88,1,1,1,3,Low Value
17686,28.0,9,8296.81,1,1,1,3,Low Value
13458,28.0,16,11959.27,1,1,1,3,Low Value
14560,28.0,44,6114.03,1,1,1,3,Low Value
13969,28.0,35,13365.87,1,1,1,3,Low Value
18245,28.0,20,6324.98,1,1,1,3,Low Value
15570,28.0,25,9311.04,1,1,1,3,Low Value
18055,28.0,14,11195.57,1,1,1,3,Low Value
16103,28.0,22,6191.71,1,1,1,3,Low Value
15271,28.0,24,4709.54,1,1,1,3,Low Value
15769,28.0,46,88704.32,1,1,1,3,Low Value
17611,28.0,28,8371.98,1,1,1,3,Low Value
15547,28.0,26,10154.39,1,1,1,3,Low Value
18144,28.0,19,5058.0,1,1,1,3,Low Value
14688,28.0,28,7713.57,1,1,1,3,Low Value
16333,28.0,22,26626.8,1,1,1,3,Low Value
14092,28.0,24,7229.45,1,1,1,3,Low Value
14292,29.0,16,9226.25,1,1,1,3,Low Value
13495,29.0,10,5374.26,1,1,1,3,Low Value
18097,29.0,11,4663.32,1,1,1,3,Low Value
13183,29.0,15,7036.18,1,1,1,3,Low Value
14895,29.0,38,25119.54,1,1,1,3,Low Value
17157,29.0,19,5151.9,1,1,1,3,Low Value
17426,29.0,13,8077.77,1,1,1,3,Low Value
17576,29.0,41,9056.81,1,1,1,3,Low Value
12562,29.0,9,4966.92,1,1,1,3,Low Value
12664,29.0,11,6070.04,1,1,1,3,Low Value
12553,29.0,12,4608.75,1,1,1,3,Low Value
16011,29.0,29,5880.46,1,1,1,3,Low Value
14299,29.0,27,14499.49,1,1,1,3,Low Value
14766,29.0,11,6556.13,1,1,1,3,Low Value
14440,29.0,13,6638.73,1,1,1,3,Low Value
15144,29.0,29,12160.31,1,1,1,3,Low Value
16242,29.0,14,7474.4,1,1,1,3,Low Value
15373,29.0,17,3421.39,1,1,1,3,Low Value
17293,29.0,17,3774.23,1,1,1,3,Low Value
14732,29.0,19,5517.07,1,1,1,3,Low Value
15602,29.0,16,3230.51,1,1,1,3,Low Value
14309,29.0,11,3780.81,1,1,1,3,Low Value
18077,29.0,18,4338.56,1,1,1,3,Low Value
17450,29.0,51,246973.09,1,1,1,3,Low Value
14367,29.0,16,9261.52,1,1,1,3,Low Value
14298,29.0,82,91194.49,1,1,1,3,Low Value
12963,29.0,12,3601.59,1,1,1,3,Low Value
16156,29.0,20,6218.18,1,1,1,3,Low Value
13090,29.0,24,14103.09,1,1,1,3,Low Value
12951,29.0,15,3213.72,1,1,1,3,Low Value
15380,29.0,11,3479.06,1,1,1,3,Low Value
17381,30.0,38,40002.37,1,1,1,3,Low Value
14047,30.0,14,4255.03,1,1,1,3,Low Value
14243,30.0,17,7431.05,1,1,1,3,Low Value
16701,30.0,26,9916.73,1,1,1,3,Low Value
16700,30.0,25,9167.71,1,1,1,3,Low Value
16145,30.0,19,6805.44,1,1,1,3,Low Value
16938,30.0,9,7043.18,1,1,1,3,Low Value
14146,30.0,12,9450.3,1,1,1,3,Low Value
12901,30.0,28,17654.54,1,1,1,3,Low Value
13854,30.0,39,12253.96,1,1,1,3,Low Value
16839,30.0,44,22310.49,1,1,1,3,Low Value
15687,30.0,9,2993.1,1,1,1,3,Low Value
12429,30.0,8,7485.91,1,1,1,3,Low Value
15544,30.0,20,8162.43,1,1,1,3,Low Value
16265,30.0,12,6935.17,1,1,1,3,Low Value
14713,30.0,21,5418.87,1,1,1,3,Low Value
12921,30.0,74,35921.04,1,1,1,3,Low Value
15046,30.0,25,7812.39,1,1,1,3,Low Value
12714,30.0,12,14093.71,1,1,1,3,Low Value
12524,30.0,17,11126.11,1,1,1,3,Low Value
14258,30.0,25,32051.34,1,1,1,3,Low Value
15251,30.0,21,20324.54,1,1,1,3,Low Value
15712,30.0,12,3472.41,1,1,1,3,Low Value
16712,30.0,13,4266.99,1,1,1,3,Low Value
15680,30.0,10,4507.58,1,1,1,3,Low Value
18230,30.0,9,4291.06,1,1,1,3,Low Value
13012,30.0,11,2972.83,1,1,1,3,Low Value
15611,30.0,26,2997.28,1,1,1,3,Low Value
15152,30.0,14,5263.83,1,1,1,3,Low Value
12598,30.0,11,4534.09,1,1,1,3,Low Value
14963,30.0,12,3164.48,1,1,1,3,Low Value
18241,30.0,21,2986.99,1,1,1,3,Low Value
15024,30.0,16,4075.51,1,1,1,3,Low Value
15394,31.0,11,5286.8,1,1,1,3,Low Value
15039,31.0,93,40031.43,1,1,1,3,Low Value
14755,31.0,25,9972.55,1,1,1,3,Low Value
16241,31.0,16,4329.31,1,1,1,3,Low Value
14156,31.0,156,313946.37,1,1,1,3,Low Value
14540,31.0,11,3795.34,1,1,1,3,Low Value
13658,31.0,9,6025.5,1,1,1,3,Low Value
14062,31.0,24,25604.2,1,1,1,3,Low Value
12957,31.0,13,8706.97,1,1,1,3,Low Value
15903,31.0,12,8939.84,1,1,1,3,Low Value
14088,31.0,16,64036.8,1,1,1,3,Low Value
17682,31.0,11,4456.78,1,1,1,3,Low Value
13576,31.0,28,11551.74,1,1,1,3,Low Value
16775,31.0,16,3056.89,1,1,1,3,Low Value
13198,31.0,8,4974.23,1,1,1,3,Low Value
16549,31.0,34,13182.19,1,1,1,3,Low Value
15755,31.0,17,5993.12,1,1,1,3,Low Value
15615,31.0,47,21373.97,1,1,1,3,Low Value
14824,31.0,10,4022.91,1,1,1,3,Low Value
14390,31.0,13,6399.83,1,1,1,3,Low Value
13999,31.0,29,9502.26,1,1,1,3,Low Value
14388,31.0,16,6701.0,1,1,1,3,Low Value
16782,31.0,38,10438.41,1,1,1,3,Low Value
16168,31.0,66,10636.47,1,1,1,3,Low Value
14701,31.0,15,4562.09,1,1,1,3,Low Value
13014,31.0,11,5381.08,1,1,1,3,Low Value
17306,31.0,21,9782.35,1,1,1,3,Low Value
13137,31.0,16,7712.7,1,1,1,3,Low Value
16992,32.0,13,5476.5,1,1,1,3,Low Value
15218,32.0,22,11516.57,1,1,1,3,Low Value
12727,32.0,10,5679.53,1,1,1,3,Low Value
14866,32.0,19,20850.22,1,1,1,3,Low Value
14408,32.0,11,4109.77,1,1,1,3,Low Value
17655,32.0,9,3652.48,1,1,1,3,Low Value
18118,32.0,29,6733.22,1,1,1,3,Low Value
14667,32.0,54,21927.14,1,1,1,3,Low Value
14180,32.0,33,6319.25,1,1,1,3,Low Value
13883,32.0,15,6560.02,1,1,1,3,Low Value
16818,32.0,11,3349.57,1,1,1,3,Low Value
14209,32.0,15,4993.27,1,1,1,3,Low Value
14961,32.0,22,16410.15,1,1,1,3,Low Value
12451,32.0,8,12669.88,1,1,1,3,Low Value
17929,32.0,12,3082.1,1,1,1,3,Low Value
15601,32.0,30,14960.12,1,1,1,3,Low Value
13266,32.0,19,6135.04,1,1,1,3,Low Value
14290,32.0,8,4516.56,1,1,1,3,Low Value
15838,32.0,34,74163.0,1,1,1,3,Low Value
17188,32.0,13,4592.93,1,1,1,3,Low Value
17419,32.0,18,6500.52,1,1,1,3,Low Value
16347,32.0,11,3509.41,1,1,1,3,Low Value
17019,32.0,11,4012.2,1,1,1,3,Low Value
13590,32.0,18,6349.59,1,1,1,3,Low Value
16094,32.0,11,3695.56,1,1,1,3,Low Value
13115,32.0,10,5494.7,1,1,1,3,Low Value
14215,32.0,9,3416.33,1,1,1,3,Low Value
18041,33.0,38,8752.38,1,1,1,3,Low Value
13004,33.0,36,11650.85,1,1,1,3,Low Value
13758,33.0,15,9416.98,1,1,1,3,Low Value
12668,33.0,10,11444.68,1,1,1,3,Low Value
13081,33.0,28,59205.15,1,1,1,3,Low Value
17651,33.0,16,5703.52,1,1,1,3,Low Value
13418,33.0,31,12233.6,1,1,1,3,Low Value
15571,33.0,14,4051.63,1,1,1,3,Low Value
18229,33.0,28,10803.71,1,1,1,3,Low Value
17739,33.0,18,7730.59,1,1,1,3,Low Value
15555,33.0,36,12112.35,1,1,1,3,Low Value
15861,33.0,12,4401.79,1,1,1,3,Low Value
17231,33.0,25,7197.04,1,1,1,3,Low Value
15514,33.0,18,6598.55,1,1,1,3,Low Value
17068,33.0,47,9161.08,1,1,1,3,Low Value
16923,33.0,32,13378.36,1,1,1,3,Low Value
15351,33.0,10,3738.29,1,1,1,3,Low Value
17365,33.0,15,8224.98,1,1,1,3,Low Value
16983,33.0,11,3710.22,1,1,1,3,Low Value
18145,34.0,11,5617.79,1,1,1,3,Low Value
17769,34.0,17,7103.08,1,1,1,3,Low Value
14878,34.0,25,4105.24,1,1,1,3,Low Value
13571,34.0,26,4546.54,1,1,1,3,Low Value
16814,35.0,36,12499.71,1,1,1,3,Low Value
16327,35.0,16,10731.34,1,1,1,3,Low Value
13048,35.0,9,4084.21,1,1,1,3,Low Value
12681,36.0,45,30868.28,1,1,1,3,Low Value
18172,36.0,52,17479.84,1,1,1,3,Low Value
15382,36.0,12,13733.55,1,1,1,3,Low Value
16719,36.0,14,3973.3,1,1,1,3,Low Value
13050,36.0,35,12344.53,1,1,1,3,Low Value
16570,36.0,20,7434.31,1,1,1,3,Low Value
14709,36.0,25,8886.33,1,1,1,3,Low Value
12709,36.0,34,31093.34,1,1,1,3,Low Value
15953,36.0,18,3669.55,1,1,1,3,Low Value
12937,36.0,9,3097.61,1,1,1,3,Low Value
17096,36.0,11,3759.18,1,1,1,3,Low Value
14277,36.0,9,17225.81,1,1,1,3,Low Value
13995,36.0,14,3902.01,1,1,1,3,Low Value
17975,36.0,24,7028.83,1,1,1,3,Low Value
12705,36.0,14,11762.1,1,1,1,3,Low Value
15502,36.0,14,13993.47,1,1,1,3,Low Value
15858,36.0,13,3960.37,1,1,1,3,Low Value
12476,36.0,23,14115.41,1,1,1,3,Low Value
12757,36.0,13,7857.1,1,1,1,3,Low Value
12388,36.0,8,3901.11,1,1,1,3,Low Value
17133,36.0,12,14622.33,1,1,1,3,Low Value
15005,36.0,56,14106.2,1,1,1,3,Low Value
15034,36.0,14,8313.4,1,1,1,3,Low Value
15482,37.0,19,14592.56,1,1,1,3,Low Value
14607,37.0,22,24137.63,1,1,1,3,Low Value
17228,37.0,13,3177.24,1,1,1,3,Low Value
17139,37.0,25,19584.46,1,1,1,3,Low Value
15270,37.0,21,8524.86,1,1,1,3,Low Value
12557,37.0,8,18716.14,1,1,1,3,Low Value
17725,37.0,11,3439.08,1,1,1,3,Low Value
13831,37.0,18,7023.58,1,1,1,3,Low Value
14733,37.0,15,16184.97,1,1,1,3,Low Value
16057,37.0,10,3854.85,1,1,1,3,Low Value
12619,37.0,10,3781.38,1,1,1,3,Low Value
13174,37.0,12,9494.84,1,1,1,3,Low Value
13139,37.0,8,8202.98,1,1,1,3,Low Value
14099,37.0,20,5765.71,1,1,1,3,Low Value
15916,37.0,13,3427.17,1,1,1,3,Low Value
13018,37.0,35,9763.16,1,1,1,3,Low Value
17422,37.0,11,3594.76,1,1,1,3,Low Value
17469,37.0,17,5051.25,1,1,1,3,Low Value
17809,37.0,20,11337.39,1,1,1,3,Low Value
14744,37.0,14,3885.08,1,1,1,3,Low Value
16255,37.0,15,4906.8,1,1,1,3,Low Value
15727,37.0,15,9445.51,1,1,1,3,Low Value
13448,37.0,13,9240.87,1,1,1,3,Low Value
13650,37.0,10,3288.0,1,1,1,3,Low Value
14049,37.0,13,13239.03,1,1,1,3,Low Value
17700,38.0,14,6679.97,1,1,1,3,Low Value
17685,38.0,12,5943.17,1,1,1,3,Low Value
13742,38.0,12,3131.02,1,1,1,3,Low Value
14334,38.0,12,4318.48,1,1,1,3,Low Value
16670,38.0,20,8030.15,1,1,1,3,Low Value
12483,38.0,19,5120.58,1,1,1,3,Low Value
15965,38.0,13,3013.09,1,1,1,3,Low Value
17519,38.0,15,5109.47,1,1,1,3,Low Value
14329,38.0,15,9927.22,1,1,1,3,Low Value
14505,38.0,19,12001.84,1,1,1,3,Low Value
13488,38.0,23,15587.88,1,1,1,3,Low Value
12474,38.0,31,12424.45,1,1,1,3,Low Value
17338,38.0,17,12142.57,1,1,1,3,Low Value
16422,38.0,109,63651.47,1,1,1,3,Low Value
12656,38.0,8,6407.83,1,1,1,3,Low Value
16985,38.0,23,10923.16,1,1,1,3,Low Value
17659,38.0,14,3834.79,1,1,1,3,Low Value
16722,38.0,22,8989.08,1,1,1,3,Low Value
15150,38.0,13,9001.08,1,1,1,3,Low Value
15971,38.0,18,5902.83,1,1,1,3,Low Value
13268,39.0,11,3214.69,1,1,1,3,Low Value
15497,39.0,9,8657.39,1,1,1,3,Low Value
14515,39.0,12,3749.26,1,1,1,3,Low Value
16655,39.0,13,6548.37,1,1,1,3,Low Value
16365,39.0,15,3307.2,1,1,1,3,Low Value
16128,39.0,11,3801.05,1,1,1,3,Low Value
16607,39.0,25,5706.87,1,1,1,3,Low Value
16748,39.0,14,3637.33,1,1,1,3,Low Value
15845,39.0,11,4426.28,1,1,1,3,Low Value
15105,39.0,9,3094.91,1,1,1,3,Low Value
13246,39.0,11,3387.43,1,1,1,3,Low Value
14030,39.0,20,8262.29,1,1,1,3,Low Value
17625,39.0,8,6067.8,1,1,1,3,Low Value
14482,39.0,12,4357.91,1,1,1,3,Low Value
15093,39.0,23,14326.11,1,1,1,3,Low Value
15179,39.0,13,7491.92,1,1,1,3,Low Value
16713,39.0,32,14560.69,1,1,1,3,Low Value
15527,39.0,23,5575.64,1,1,1,3,Low Value
13971,39.0,14,4667.57,1,1,1,3,Low Value
15738,40.0,41,13372.97,1,1,1,3,Low Value
12395,40.0,15,5067.27,1,1,1,3,Low Value
17738,40.0,13,4183.56,1,1,1,3,Low Value
16710,40.0,22,6349.09,1,1,1,3,Low Value
17758,40.0,12,5012.53,1,1,1,3,Low Value
